Title,Date
"Isi & Ossi","17/02/2020"
"Brooklyn Nine-Nine: Season 5: Show Me Going","17/02/2020"
"Brooklyn Nine-Nine: Season 5: Bachelor/ette Party","17/02/2020"
"Brooklyn Nine-Nine: Season 5: Gray Star Mutual","17/02/2020"
"Brooklyn Nine-Nine: Season 5: DFW","15/02/2020"
"Brooklyn Nine-Nine: Season 5: NutriBoom","15/02/2020"
"Brooklyn Nine-Nine: Season 5: The Puzzle Master","15/02/2020"
"Brooklyn Nine-Nine: Season 5: The Box","15/02/2020"
"Brooklyn Nine-Nine: Season 5: The Negotiation","15/02/2020"
"Brooklyn Nine-Nine: Season 5: Safe House","15/02/2020"
"Brooklyn Nine-Nine: Season 5: The Favor","15/02/2020"
"To All the Boys I’ve Loved Before","14/02/2020"
"To All the Boys: P.S. I Still Love You","14/02/2020"
"My Neighbor Totoro","09/02/2020"
"Gilmore Girls: Season 3: Keg! Max!","08/02/2020"
"Elvis & Anabelle","07/02/2020"
"Pose: Season 1: Pilot","07/02/2020"
"Kiki’s Delivery Service","02/02/2020"
"Lady Bird","02/02/2020"
"Miss Americana","01/02/2020"
"Chilling Adventures of Sabrina: Part 3: Chapter Twenty-One: The Hellbound Heart","26/01/2020"
"Chilling Adventures of Sabrina: Part 2: Chapter Nineteen: The Mandrake","26/01/2020"
"the goop lab with Gwyneth Paltrow: Season 1: The Healing Trip","26/01/2020"
"Brooklyn Nine-Nine: Season 5: Game Night","21/01/2020"
"Gilmore Girls: Season 3: Happy Birthday, Baby","20/01/2020"
"Gilmore Girls: Season 3: A Tale of Poes and Fire","20/01/2020"
"Gilmore Girls: Season 3: The Big One","20/01/2020"
"Fifty Shades Freed","19/01/2020"
"Gilmore Girls: Season 3: Face-Off","17/01/2020"
"Gilmore Girls: Season 3: Swan Song","17/01/2020"
"Newness","13/01/2020"
"Cheer: Season 1: God Blessed Texas","13/01/2020"
"Gilmore Girls: Season 3: Dear Emily and Richard","12/01/2020"
"Gilmore Girls: Season 3: Lorelai Out of Water","12/01/2020"
"Gilmore Girls: Season 3: I Solemnly Swear...","12/01/2020"
"Gilmore Girls: Season 3: That'll Do, Pig","12/01/2020"
"Gilmore Girls: Season 3: A Deep-Fried Korean Thanksgiving","12/01/2020"
"Only You","11/01/2020"
"The Square","11/01/2020"
"Fifty Shades of Grey","05/01/2020"
"Call Me by Your Name","04/01/2020"
"Gilmore Girls: Season 3: Let the Games Begin","03/01/2020"
"Gilmore Girls: Season 3: They Shoot Gilmores, Don't They?","03/01/2020"
"Gilmore Girls: Season 3: Take the Deviled Eggs...","03/01/2020"
"Gilmore Girls: Season 3: Eight O'Clock at the Oasis","03/01/2020"
"Gilmore Girls: Season 3: One's Got Class and the Other One Dyes","03/01/2020"
"Gilmore Girls: Season 3: Application Anxiety","03/01/2020"
"Gilmore Girls: Season 3: Haunted Leg","03/01/2020"
"Home for Christmas: Season 1: The Final Christmas Countdown","01/01/2020"
"Home for Christmas: Season 1: Heartache","01/01/2020"
"Home for Christmas: Season 1: Party Flirting","01/01/2020"
"Home for Christmas: Season 1: Sugar Baby? Sugar Daddy?","01/01/2020"
"You: Season 2: Love, Actually","30/12/2019"
"You: Season 2: P.I. Joe","28/12/2019"
"You: Season 2: Fear and Loathing in Beverly Hills","28/12/2019"
"You: Season 2: Ex-istential Crisis","28/12/2019"
"You: Season 2: Farewell, My Bunny","28/12/2019"
"You: Season 2: Have a Good Wellkend, Joe!","28/12/2019"
"You: Season 2: The Good, the Bad, & the Hendy","28/12/2019"
"You: Season 2: What Are Friends For?","28/12/2019"
"Home for Christmas: Season 1: Heavy Dating","26/12/2019"
"Home for Christmas: Season 1: The Big Christmas Lie","26/12/2019"
"The Witcher: Season 1: Much More","22/12/2019"
"The Witcher: Season 1: Bottled Appetites","22/12/2019"
"The Witcher: Season 1: Of Banquets, Bastards and Burials","22/12/2019"
"The Witcher: Season 1: Betrayer Moon","22/12/2019"
"The Witcher: Season 1: Four Marks","22/12/2019"
"The Witcher: Season 1: The End’s Beginning","22/12/2019"
"Wonder Woman","22/12/2019"
"Don't F**k with Cats: Hunting an Internet Killer: Limited Series: Closing the Net","21/12/2019"
"You: Season 1: Bluebeard's Castle","21/12/2019"
"Queer Eye: We're in Japan!: Season 1: Bringing Sexy Back","19/12/2019"
"Queer Eye: Season 1: Dega Don't","19/12/2019"
"Derry Girls: Season 1: Episode 6","19/12/2019"
"Gilmore Girls: Season 3: Lazy-Hazy-Crazy Days","19/12/2019"
"Gilmore Girls: Season 2: I Can't Get Started","19/12/2019"
"The Rolling Stones: Olé Olé Olé! A Trip Across Latin America","19/12/2019"
"Daybreak: Season 1: FWASH-BOOOOOOOOOOOOOOOOOOOOOOOOOM!","16/12/2019"
"Gilmore Girls: Season 2: Lorelai's Graduation Day","11/12/2019"
"Brooklyn Nine-Nine: Season 5: Jake & Amy","08/12/2019"
"Brooklyn Nine-Nine: Season 5: White Whale","08/12/2019"
"Brooklyn Nine-Nine: Season 5: Kicks","07/12/2019"
"Brooklyn Nine-Nine: Season 5: The Big House, Pt. 2","07/12/2019"
"Brooklyn Nine-Nine: Season 5: The Big House, Pt. 1","07/12/2019"
"You: Season 1: Candace","07/12/2019"
"You: Season 1: You Got Me, Babe","07/12/2019"
"You: Season 1: Everythingship","07/12/2019"
"You: Season 1: Amour Fou","07/12/2019"
"You: Season 1: Living with the Enemy","07/12/2019"
"You: Season 1: The Captain","07/12/2019"
"You: Season 1: Maybe","07/12/2019"
"You: Season 1: The Last Nice Guy in New York","05/12/2019"
"You: Season 1: Pilot","05/12/2019"
"Carol","03/12/2019"
"Gilmore Girls: Season 2: Help Wanted","30/11/2019"
"Gilmore Girls: Season 2: Teach Me Tonight","30/11/2019"
"Gilmore Girls: Season 2: Back in the Saddle Again","30/11/2019"
"Gilmore Girls: Season 2: Dead Uncles & Vegetables","30/11/2019"
"Daybreak: Season 1: Homecoming Redux or My So Called Stunt Double Life","23/11/2019"
"Daybreak: Season 1: MMMMMMM-HMMMMMM","23/11/2019"
"Daybreak: Season 1: The Slime Queenpin of Glendale, CA","23/11/2019"
"Daybreak: Season 1: Schmuck Bait!","23/11/2019"
"Daybreak: Season 1: Josh vs. the Apocalypse: Part 1","23/11/2019"
"About Time","22/11/2019"
"Colette","22/11/2019"
"Black Mirror: Season 5: Striking Vipers","22/11/2019"
"Ingrid Goes West","20/11/2019"
"Baby: Season 2: #justagame","09/11/2019"
"A Simple Favour","09/11/2019"
"Let It Snow","09/11/2019"
"Atypical: Season 3: Searching for Brown Sugar Man","09/11/2019"
"Atypical: Season 3: Sam Takes a Walk","09/11/2019"
"Atypical: Season 3: Road Rage Paige","09/11/2019"
"Atypical: Season 3: Shrinkage","08/11/2019"
"Atypical: Season 3: The Essence of a Penguin","08/11/2019"
"Atypical: Season 3: Only Tweed","08/11/2019"
"Atypical: Season 3: Y.G.A.G.G.","08/11/2019"
"Atypical: Season 3: Cocaine Pills and Pony Meat","07/11/2019"
"Atypical: Season 3: Standing Sam","07/11/2019"
"Atypical: Season 3: Best Laid Plans","07/11/2019"
"Atypical: Season 2: Ernest Shackleton's Rules for Survival","07/11/2019"
"Atypical: Season 2: Ritual-licious","06/11/2019"
"Atypical: Season 2: Living at an Angle","06/11/2019"
"Atypical: Season 2: The Smudging","06/11/2019"
"Atypical: Season 2: In the Dragon's Lair","04/11/2019"
"Atypical: Season 2: The Egg Is Pipping","04/11/2019"
"Atypical: Season 2: Pants on Fire","04/11/2019"
"Atypical: Season 2: Little Dude and the Lion","04/11/2019"
"Queer Eye: We're in Japan!: Season 1: The Ideal Woman","02/11/2019"
"Queer Eye: We're in Japan!: Season 1: Crazy in Love","02/11/2019"
"Queer Eye: We're in Japan!: Season 1: Japanese Holiday","02/11/2019"
"Elisa & Marcela","20/10/2019"
"The End of the F***ing World: Season 1: Episode 2","17/10/2019"
"The End of the F***ing World: Season 1: Episode 1","17/10/2019"
"Maudie","13/10/2019"
"Queer Eye: Season 1: Saving Sasquatch","12/10/2019"
"Men, Women & Children","12/10/2019"
"Professor Marston and the Wonder Women","07/10/2019"
"My Days of Mercy","04/10/2019"
"Gilmore Girls: Season 2: There's the Rub","21/09/2019"
"Gilmore Girls: Season 2: Lost & Found","21/09/2019"
"Gilmore Girls: A Year in the Life: Limited Series: Fall","03/09/2019"
"Gilmore Girls: A Year in the Life: Limited Series: Summer","02/09/2019"
"Marvel's Jessica Jones: Season 1: AKA It's Called Whiskey","01/09/2019"
"Dating Around: Season 1: Gurki","01/09/2019"
"Dating Around: Season 1: Sarah","01/09/2019"
"MINDHUNTER: Season 1: Episode 1","01/09/2019"
"God's Own Country","27/08/2019"
"Kim's Convenience: Season 1: Gay Discount","24/08/2019"
"Hannah Gadsby: Nanette","24/08/2019"
"Nailed It!: Season 3: The Marvel Episode!","24/08/2019"
"Two Night Stand","24/08/2019"
"MINDHUNTER: Season 2: Episode 9","23/08/2019"
"MINDHUNTER: Season 2: Episode 8","23/08/2019"
"MINDHUNTER: Season 2: Episode 7","23/08/2019"
"MINDHUNTER: Season 2: Episode 6","22/08/2019"
"MINDHUNTER: Season 2: Episode 5","22/08/2019"
"MINDHUNTER: Season 2: Episode 4","22/08/2019"
"MINDHUNTER: Season 2: Episode 3","22/08/2019"
"MINDHUNTER: Season 2: Episode 2","22/08/2019"
"MINDHUNTER: Season 2: Episode 1","22/08/2019"
"The Babysitter","22/08/2019"
"The Good Place: Season 2: Existential Crisis","21/08/2019"
"The Good Place: Season 2: Team Cockroach","21/08/2019"
"The Good Place: Season 2: Dance Dance Resolution","21/08/2019"
"The Good Place: Season 2: Everything Is Great!","21/08/2019"
"The Good Place: Season 1: Most Improved Player","21/08/2019"
"The Good Place: Season 1: Michael's Gambit","21/08/2019"
"The Good Place: Season 1: Mindy St. Claire","21/08/2019"
"The Good Place: Season 1: What's My Motivation","21/08/2019"
"The Good Place: Season 1: Chidi's Choice","21/08/2019"
"The Good Place: Season 1: ...Someone Like Me as a Member","21/08/2019"
"The Good Place: Season 1: The Eternal Shriek","21/08/2019"
"The Good Place: Season 1: What We Owe to Each Other","21/08/2019"
"The Good Place: Season 1: Category 55 Emergency Doomsday Crisis","20/08/2019"
"The Good Place: Season 1: Jason Mendoza","20/08/2019"
"The Good Place: Season 1: Tahani Al-Jamil","20/08/2019"
"The Good Place: Season 1: Flying","20/08/2019"
"The Good Place: Season 1: Everything Is Fine","20/08/2019"
"The Age of Adaline","19/08/2019"
"Gilmore Girls: A Year in the Life: Limited Series: Spring","18/08/2019"
"Gilmore Girls: A Year in the Life: Limited Series: Winter","14/08/2019"
"Begin Again","11/08/2019"
"The Choice","11/08/2019"
"Happy Death Day","08/08/2019"
"Trinkets: Season 1: The Great Escape","02/08/2019"
"Trinkets: Season 1: Night Market","02/08/2019"
"Trinkets: Season 1: Monday I'm in Love","02/08/2019"
"Trinkets: Season 1: Truth Serum","01/08/2019"
"Trinkets: Season 1: Rearview Mirror","01/08/2019"
"Trinkets: Season 1: Big Mistake","01/08/2019"
"Trinkets: Season 1: Happy F**king Birthday","01/08/2019"
"Trinkets: Season 1: P*ssy Palace","01/08/2019"
"Trinkets: Season 1: Paper Tiger","01/08/2019"
"Trinkets: Season 1: Mirror Faces","01/08/2019"
"How to Train Your Dragon","29/07/2019"
"Queer Eye: Season 1: You Can't Fix Ugly","29/07/2019"
"The Miseducation of Cameron Post","27/07/2019"
"Derry Girls: Season 1: Episode 5","27/07/2019"
"Derry Girls: Season 1: Episode 4","27/07/2019"
"Skins: Vol. 3: Naomi","25/07/2019"
"Skins: Vol. 3: Everyone","25/07/2019"
"Queer Eye: Season 4: Farm to Able","22/07/2019"
"Queer Eye: Season 4: Soldier Returns Home","22/07/2019"
"Queer Eye: Season 4: A Tale of Two Cultures","22/07/2019"
"Queer Eye: Season 4: On Golden Kenny","21/07/2019"
"Queer Eye: Season 4: How Wanda Got Her Groove Back","21/07/2019"
"Queer Eye: Season 4: Stoner Skates By","21/07/2019"
"Derry Girls: Season 1: Episode 3","20/07/2019"
"Derry Girls: Season 1: Episode 2","20/07/2019"
"Derry Girls: Season 1: Episode 1","20/07/2019"
"Queer Eye: Season 4: Disabled but Not Really","20/07/2019"
"Queer Eye: Season 4: Without Further Ado","20/07/2019"
"The Princess Bride","18/07/2019"
"Dear John","14/07/2019"
"Stranger Things: Stranger Things 3: Chapter Eight: The Battle of Starcourt","13/07/2019"
"Stranger Things: Stranger Things 3: Chapter Seven: The Bite","13/07/2019"
"Stranger Things: Stranger Things 3: Chapter Six: E Pluribus Unum","13/07/2019"
"Stranger Things: Stranger Things 3: Chapter Five: The Flayed","13/07/2019"
"After","13/07/2019"
"Stranger Things: Stranger Things 3: Chapter Four: The Sauna Test","12/07/2019"
"Stranger Things: Stranger Things 3: Chapter Three: The Case of the Missing Lifeguard","12/07/2019"
"Stranger Things: Stranger Things 3: Chapter Two: The Mall Rats","12/07/2019"
"Stranger Things: Stranger Things 3: Chapter One: Suzie, Do You Copy?","12/07/2019"
"Stranger Things: Stranger Things 2: Chapter Seven: The Lost Sister","12/07/2019"
"Mona Lisa Smile","03/07/2019"
"The Notebook","26/06/2019"
"Gilmore Girls: Season 2: It Should've Been Lorelai","26/06/2019"
"Gilmore Girls: Season 2: A-Tisket, A-Tasket","26/06/2019"
"Gilmore Girls: Season 2: Richard in Stars Hollow","26/06/2019"
"Gilmore Girls: Season 2: Secrets and Loans","26/06/2019"
"The IT Crowd: Series 3: Calendar Geeks","24/06/2019"
"Guardians of the Galaxy Vol. 2","19/06/2019"
"Gilmore Girls: Season 2: The Bracebridge Dinner","18/06/2019"
"Gilmore Girls: Season 2: Run Away Little Boy","17/06/2019"
"Gilmore Girls: Season 2: The Ins & Outs of Inns","17/06/2019"
"Always Be My Maybe","16/06/2019"
"Gilmore Girls: Season 2: Like Mother, Like Daughter","16/06/2019"
"Gilmore Girls: Season 2: Presenting Lorelai Gilmore","16/06/2019"
"Climax","16/06/2019"
"Pirate Radio","16/06/2019"
"Black Mirror: Season 5: Rachel, Jack and Ashley Too","15/06/2019"
"Split","14/06/2019"
"Hearts Beat Loud","10/06/2019"
"The Fault in Our Stars","27/05/2019"
"Most Beautiful Thing: Season 1: Ghosts of Past Christmas","27/05/2019"
"Savages","24/05/2019"
"Black Mirror: Season 4: Black Museum","24/05/2019"
"Easy: Season 3: Yes","19/05/2019"
"Easy: Season 3: Spontaneous Combustion","19/05/2019"
"Easy: Season 3: Private Eyes","19/05/2019"
"Easy: Season 3: Swipe Right","19/05/2019"
"Gilmore Girls: Season 1: Pilot","19/05/2019"
"Vicky Cristina Barcelona","18/05/2019"
"Adrift","16/05/2019"
"Knock Down The House","16/05/2019"
"Someone Great","08/05/2019"
"Most Beautiful Thing: Season 1: Letting Go","22/04/2019"
"Most Beautiful Thing: Season 1: Consequences","20/04/2019"
"Most Beautiful Thing: Season 1: The Dreamers","20/04/2019"
"Most Beautiful Thing: Season 1: Waters of August","19/04/2019"
"Jurassic Park","17/04/2019"
"Most Beautiful Thing: Season 1: Girls Are Not Welcome","14/04/2019"
"Most Beautiful Thing: Season 1: Welcome to Rio","14/04/2019"
"Easy A","12/04/2019"
"Eat Pray Love","07/04/2019"
"Chilling Adventures of Sabrina: Part 2: Chapter Eighteen: The Miracles of Sabrina Spellman","07/04/2019"
"Chilling Adventures of Sabrina: Part 2: Chapter Seventeen: The Missionaries","06/04/2019"
"Chilling Adventures of Sabrina: Part 2: Chapter Sixteen: Blackwood","06/04/2019"
"Chilling Adventures of Sabrina: Part 2: Chapter Fifteen: Doctor Cerberus's House of Horror","06/04/2019"
"Chilling Adventures of Sabrina: Part 2: Chapter Fourteen: Lupercalia","06/04/2019"
"Chilling Adventures of Sabrina: Part 2: Chapter Thirteen: The Passion of Sabrina Spellman","06/04/2019"
"Chilling Adventures of Sabrina: Part 2: Chapter Twelve: The Epiphany","05/04/2019"
"Social Animals","30/03/2019"
"Miss Stevens","24/03/2019"
"Angus, Thongs and Perfect Snogging","24/03/2019"
"Battle","23/03/2019"
"Love, Death & Robots: Volume 1: HELPING HAND","17/03/2019"
"Love, Death & Robots: Volume 1: GOOD HUNTING","17/03/2019"
"Love, Death & Robots: Volume 1: BEYOND THE AQUILA RIFT","17/03/2019"
"Love, Death & Robots: Volume 1: THE WITNESS","17/03/2019"
"Love, Death & Robots: Volume 1: THREE ROBOTS","17/03/2019"
"Love, Death & Robots: Volume 1: SONNIE'S EDGE","17/03/2019"
"In a Relationship","17/03/2019"
"Get Out","16/03/2019"
"Queer Eye: Season 3: Jones Bar-B-Q","16/03/2019"
"Queer Eye: Season 3: Baby on Board","16/03/2019"
"Queer Eye: Season 3: Sloth to Slay","16/03/2019"
"Queer Eye: Season 3: Elrod & Sons","16/03/2019"
"Queer Eye: Season 3: Black Girl Magic","16/03/2019"
"Queer Eye: Season 3: When Robert Met Jamie","16/03/2019"
"Queer Eye: Season 3: Lost Boy","16/03/2019"
"Queer Eye: Season 3: From Hunter to Huntee","16/03/2019"
"Can't Cope, Won't Cope: Season 2: This is the End","16/03/2019"
"Can't Cope, Won't Cope: Season 2: Back to Backwards","15/03/2019"
"Can't Cope, Won't Cope: Season 2: Situationship","14/03/2019"
"Can't Cope, Won't Cope: Season 2: Whatsappening","14/03/2019"
"Can't Cope, Won't Cope: Season 2: New Beginnings","14/03/2019"
"Can't Cope, Won't Cope: Season 2: World's Apart","14/03/2019"
"Can't Cope, Won't Cope: Season 1: End, Like!","14/03/2019"
"Can't Cope, Won't Cope: Season 1: Release Me","14/03/2019"
"Can't Cope, Won't Cope: Season 1: Mallowfania","14/03/2019"
"Can't Cope, Won't Cope: Season 1: Welcome to Ireland","14/03/2019"
"Can't Cope, Won't Cope: Season 1: Drive on, Drive on, Drive on, Drive on","14/03/2019"
"Can't Cope, Won't Cope: Season 1: I Wanna Be Like You","14/03/2019"
"Isn't It Romantic","09/03/2019"
"Beauty and the Beast (2017)","04/03/2019"
"Love, Rosie","04/03/2019"
"Russian Doll: Season 1: Nothing in This World Is Easy","03/03/2019"
"Lo and Behold: Reveries of the Connected World","03/03/2019"
"Dating Around: Season 1: Luke","23/02/2019"
"Dating Around: Season 1: Mila","23/02/2019"
"Dating Around: Season 1: Leonard","23/02/2019"
"Dating Around: Season 1: Lex","23/02/2019"
"Irreplaceable You","22/02/2019"
"Crazy, Stupid, Love","22/02/2019"
"Baby: Season 1: #Love","17/02/2019"
"Kingdom: Season 1: Episode 1","14/02/2019"
"Velvet Buzzsaw","12/02/2019"
"Always a Witch: Season 1: A Leap in Time","09/02/2019"
"Annihilation","08/02/2019"
"Brooklyn Nine-Nine: Season 1: The Tagger","08/02/2019"
"Brooklyn Nine-Nine: Season 1: Pilot","08/02/2019"
"Good Witch: Season 3: How to Say, 'I Love You!'","08/02/2019"
"The Good Witch's Gift","08/02/2019"
"Matilda","08/02/2019"
"Fifty Shades Darker","02/02/2019"
"Polar","26/01/2019"
"Hannibal: Season 1: Apéritif","25/01/2019"
"Grace and Frankie: Season 1: The Dinner","23/01/2019"
"Grace and Frankie: Season 1: The Credit Cards","23/01/2019"
"Tidying Up with Marie Kondo: Season 1: Breaking Free from a Mountain of Stuff","12/01/2019"
"Tidying Up with Marie Kondo: Season 1: From Students to Improvements","12/01/2019"
"Tidying Up with Marie Kondo: Season 1: Tidying With Toddlers","12/01/2019"
"GLOW: Season 2: Every Potato Has a Receipt","12/01/2019"
"GLOW: Season 2: Rosalie","11/01/2019"
"GLOW: Season 2: The Good Twin","11/01/2019"
"GLOW: Season 2: Nothing Shattered","09/01/2019"
"GLOW: Season 2: Work the Leg","09/01/2019"
"GLOW: Season 2: Perverts Are People, Too","09/01/2019"
"GLOW: Season 2: Mother of All Matches","07/01/2019"
"GLOW: Season 2: Concerned Women of America","07/01/2019"
"GLOW: Season 2: Candy of the Year","07/01/2019"
"GLOW: Season 2: Viking Funeral","07/01/2019"
"GLOW: Season 1: Money’s in the Chase","05/01/2019"
"GLOW: Season 1: The Liberal Chokehold","05/01/2019"
"GLOW: Season 1: Maybe It’s All the Disco","05/01/2019"
"GLOW: Season 1: Live Studio Audience","05/01/2019"
"GLOW: Season 1: This Is One of Those Moments","05/01/2019"
"GLOW: Season 1: Debbie Does Something","05/01/2019"
"Love: Season 3: Bertie's Birthday","04/01/2019"
"GLOW: Season 1: The Dusty Spur","04/01/2019"
"GLOW: Season 1: The Wrath of Kuntar","03/01/2019"
"GLOW: Season 1: Slouch. Submit.","03/01/2019"
"GLOW: Season 1: Pilot","03/01/2019"
"Sherlock: Series 4: The Six Thatchers","02/01/2019"
"A Series of Unfortunate Events: Season 3: The End","01/01/2019"
"A Series of Unfortunate Events: Season 3: Penultimate Peril: Part 1","01/01/2019"
"A Series of Unfortunate Events: Season 3: Grim Grotto: Part 2","01/01/2019"
"A Series of Unfortunate Events: Season 3: Grim Grotto: Part 1","01/01/2019"
"A Series of Unfortunate Events: Season 3: Slippery Slope: Part 2","01/01/2019"
"A Series of Unfortunate Events: Season 3: Slippery Slope: Part 1","01/01/2019"
"A Series of Unfortunate Events: Season 2: The Hostile Hospital: Part 1","01/01/2019"
"Tomb Raider","01/01/2019"
"Mary Shelley","31/12/2018"
"Princess Cyd","31/12/2018"
"Black Mirror: Season 4: USS Callister","31/12/2018"
"Taylor Swift reputation Stadium Tour","31/12/2018"
"Sense8: Season 2: Obligate Mutualisms","30/12/2018"
"Black Mirror: Bandersnatch","28/12/2018"
"Wanderlust: Wanderlust","27/12/2018"
"The Holiday","23/12/2018"
"Dumplin'","22/12/2018"
"Ellen DeGeneres: Relatable: Special: Relatable","22/12/2018"
"The Sinner: Julian: Part VIII","21/12/2018"
"The Sinner: Julian: Part VII","21/12/2018"
"The Sinner: Julian: Part VI","21/12/2018"
"The Sinner: Julian: Part V","21/12/2018"
"The Sinner: Julian: Part IV","21/12/2018"
"The Sinner: Julian: Part III","21/12/2018"
"The Sinner: Julian: Part II","21/12/2018"
"The Sinner: Julian: Part I","19/12/2018"
"Chilling Adventures of Sabrina: Part 1: Chapter Eleven: A Midwinter's Tale","16/12/2018"
"Chilling Adventures of Sabrina: Part 1: Chapter Six: An Exorcism in Greendale","16/12/2018"
"Brooklyn Nine-Nine: Season 1: The Bet","13/12/2018"
"Brooklyn Nine-Nine: Season 4: The Overmining","13/12/2018"
"Baby: Season 1: The Last Shot","08/12/2018"
"Baby: Season 1: Emma","08/12/2018"
"Baby: Season 1: #Friendzone","07/12/2018"
"Baby: Season 1: Puppet","07/12/2018"
"Baby: Season 1: Superpowers","07/12/2018"
"The IT Crowd: Series 1: Calamity Jen","05/12/2018"
"The IT Crowd: Series 1: Yesterday's Jam","05/12/2018"
"Queer Eye: Season 2: Make Ted Great Again","28/11/2018"
"Queer Eye: Season 1: To Gay or Not Too Gay","25/11/2018"
"The Twilight Saga: Breaking Dawn: Part 1","15/11/2018"
"Parade's End: Episode 1","12/11/2018"
"How to Be Single","11/11/2018"
"In Search of Fellini","06/11/2018"
"Been So Long","06/11/2018"
"Chilling Adventures of Sabrina: Part 1: Chapter Five: Dreams in a Witch House","04/11/2018"
"Chilling Adventures of Sabrina: Part 1: Chapter Four: Witch Academy","04/11/2018"
"Chilling Adventures of Sabrina: Part 1: Chapter Three: The Trial of Sabrina Spellman","02/11/2018"
"Chilling Adventures of Sabrina: Part 1: Chapter Two: The Dark Baptism","02/11/2018"
"Chilling Adventures of Sabrina: Part 1: Chapter One: October Country","01/11/2018"
"Chilling Adventures of Sabrina: Part 1: Chapter Ten: The Witching Hour","30/10/2018"
"Chilling Adventures of Sabrina: Part 1: Chapter Nine: The Returned Man","30/10/2018"
"Chilling Adventures of Sabrina: Part 1: Chapter Eight: The Burial","30/10/2018"
"Chilling Adventures of Sabrina: Part 1: Chapter Seven: Feast of Feasts","29/10/2018"
"You Me Her: Season 3: Episode 3","22/10/2018"
"You Me Her: Season 3: Episode 4","22/10/2018"
"Madame Bovary","11/10/2018"
"Hot Date: Hot Date: Season 1: Throwback Thursday","11/10/2018"
"Gilmore Girls: Season 5: A Messenger, Nothing More","09/10/2018"
"Gilmore Girls: Season 5: Say Goodbye to Daisy Miller","09/10/2018"
"Gilmore Girls: Season 4: Raincoats & Recipes","09/10/2018"
"Gilmore Girls: Season 4: Last Week Fights, This Week Tights","08/10/2018"
"Gilmore Girls: Season 4: Luke Can See Her Face","08/10/2018"
"Gilmore Girls: Season 4: Afterboom","07/10/2018"
"Gilmore Girls: Season 4: Tick, Tick, Tick Boom","07/10/2018"
"Gilmore Girls: Season 4: Girls in Bikinis, Boys Doin' the Twist","07/10/2018"
"Elite: Season 1: Welcome","06/10/2018"
"Jack Whitehall: Travels with My Father: Season 2: Episode 2","06/10/2018"
"Jack Whitehall: Travels with My Father: Season 2: Episode 1","06/10/2018"
"Maniac: Limited Series: Exactly Like You","02/10/2018"
"Gilmore Girls: Season 4: The Reigning Lorelai","29/09/2018"
"Gilmore Girls: Season 4: Scene in a Mall","29/09/2018"
"Gilmore Girls: Season 4: The Incredible Sinking Lorelais","29/09/2018"
"Gilmore Girls: Season 4: Nag Hammadi Is Where They Found the Gnostic Gospels","29/09/2018"
"Gilmore Girls: Season 4: A Family Matter","29/09/2018"
"Gilmore Girls: Season 4: In the Clamor and the Clangor","29/09/2018"
"Gilmore Girls: Season 4: The Nanny and the Professor","29/09/2018"
"Gilmore Girls: Season 4: Ted Koppel's Big Night Out","29/09/2018"
"Gilmore Girls: Season 4: Die, Jerk","29/09/2018"
"Gilmore Girls: Season 4: The Festival of Living Art","27/09/2018"
"Gilmore Girls: Season 4: An Affair to Remember","27/09/2018"
"Gilmore Girls: Season 4: The Fundamental Things Apply","27/09/2018"
"Gilmore Girls: Season 4: Chicken or Beef?","26/09/2018"
"Gilmore Girls: Season 4: The Hobbit, the Sofa and Digger Stiles","26/09/2018"
"Gilmore Girls: Season 4: The Lorelais' First Day at Yale","26/09/2018"
"Gilmore Girls: Season 4: Ballrooms & Biscotti","26/09/2018"
"Gilmore Girls: Season 3: Those Are Strings, Pinocchio","24/09/2018"
"Gilmore Girls: Season 3: Here Comes the Son","24/09/2018"
"Gilmore Girls: Season 3: Say Goodnight, Gracie","23/09/2018"
"Maniac: Limited Series: Furs by Sebastian","22/09/2018"
"Maniac: Limited Series: Having a Day","22/09/2018"
"Maniac: Limited Series: Ceci N'est Pas Une Drill","22/09/2018"
"Gilmore Girls: Season 1: Kiss and Tell","22/09/2018"
"Maniac: Limited Series: Windmills","22/09/2018"
"Maniac: Limited Series: The Chosen One!","21/09/2018"
"Brooklyn Nine-Nine: Season 3: The Oolong Slayer","16/09/2018"
"Brooklyn Nine-Nine: Season 3: Boyle's Hunch","16/09/2018"
"Brooklyn Nine-Nine: Season 3: The Funeral","16/09/2018"
"Atypical: Season 2: Penguin Cam and Chill","15/09/2018"
"Atypical: Season 2: Juiced!","15/09/2018"
"Brooklyn Nine-Nine: Season 3: New Captain","13/09/2018"
"Brooklyn Nine-Nine: Season 2: Johnny and Dora","13/09/2018"
"Brooklyn Nine-Nine: Season 2: The Chopper","13/09/2018"
"Brooklyn Nine-Nine: Season 2: Det. Dave Majors","11/09/2018"
"Disenchantment: Part 1: A Princess, an Elf, and a Demon Walk Into a Bar","08/09/2018"
"Sierra Burgess Is a Loser","07/09/2018"
"Queer Eye: Season 2: The Handyman Can","06/09/2018"
"Queer Eye: Season 2: Bedazzled","06/09/2018"
"Queer Eye: Season 2: Big Little Lies","06/09/2018"
"Queer Eye: Season 2: Sky's the Limit","06/09/2018"
"Queer Eye: Season 2: Unleash the Sexy Beast","06/09/2018"
"Queer Eye: Season 2: A Decent Proposal","06/09/2018"
"Queer Eye: Season 2: God Bless Gay","05/09/2018"
"Queer Eye: Season 1: Hose Before Bros","05/09/2018"
"Queer Eye: Season 1: Below Average Joe","05/09/2018"
"Insatiable: Season 1: Miss Bareback Buckaroo","04/09/2018"
"Insatiable: Season 1: Skinny Is Magic","04/09/2018"
"Insatiable: Season 1: Pilot","04/09/2018"
"Sisters: Season 1: Episode 1","02/09/2018"
"Queer Eye: Season 1: The Renaissance of Remington","19/08/2018"
"Queer Eye: Season 1: Camp Rules","19/08/2018"
"Brooklyn Nine-Nine: Season 2: AC/DC","11/08/2018"
"Brooklyn Nine-Nine: Season 2: Sabotage","11/08/2018"
"Brooklyn Nine-Nine: Season 2: Captain Peralta","11/08/2018"
"Brooklyn Nine-Nine: Season 2: Boyle-Linetti Wedding","11/08/2018"
"Brooklyn Nine-Nine: Season 2: The Wednesday Incident","11/08/2018"
"Brooklyn Nine-Nine: Season 2: Windbreaker City","10/08/2018"
"Brooklyn Nine-Nine: Season 2: The Defense Rests","10/08/2018"
"Brooklyn Nine-Nine: Season 2: Payback","10/08/2018"
"Brooklyn Nine-Nine: Season 2: Beach House","10/08/2018"
"Brooklyn Nine-Nine: Season 2: Stakeout","10/08/2018"
"Brooklyn Nine-Nine: Season 2: The Pontiac Bandit Returns","10/08/2018"
"Brooklyn Nine-Nine: Season 2: The Road Trip","10/08/2018"
"Brooklyn Nine-Nine: Season 2: USPIS","10/08/2018"
"Brooklyn Nine-Nine: Season 2: Lockdown","10/08/2018"
"Brooklyn Nine-Nine: Season 2: Jake and Sophia","05/08/2018"
"Brooklyn Nine-Nine: Season 2: The Mole","04/08/2018"
"Brooklyn Nine-Nine: Season 2: Halloween II","04/08/2018"
"Brooklyn Nine-Nine: Season 2: The Jimmy Jab Games","04/08/2018"
"Brooklyn Nine-Nine: Season 2: Chocolate Milk","04/08/2018"
"Brooklyn Nine-Nine: Season 2: Undercover","04/08/2018"
"Brooklyn Nine-Nine: Season 1: Charges and Specs","04/08/2018"
"Brooklyn Nine-Nine: Season 1: Unsolvable","04/08/2018"
"Brooklyn Nine-Nine: Season 1: Fancy Brudgom","04/08/2018"
"Brooklyn Nine-Nine: Season 1: Tactical Village","04/08/2018"
"Brooklyn Nine-Nine: Season 1: The Apartment","04/08/2018"
"Brooklyn Nine-Nine: Season 1: Full Boyle","04/08/2018"
"Wet Hot American Summer: First Day of Camp: Season 1: Campers Arrive","04/08/2018"
"Brooklyn Nine-Nine: Season 1: The Party","03/08/2018"
"Brooklyn Nine-Nine: Season 1: Operation: Broken Feather","03/08/2018"
"Brooklyn Nine-Nine: Season 1: The Ebony Falcon","02/08/2018"
"Brooklyn Nine-Nine: Season 1: Pontiac Bandit","02/08/2018"
"Brooklyn Nine-Nine: Season 1: Christmas","02/08/2018"
"Brooklyn Nine-Nine: Season 1: Thanksgiving","02/08/2018"
"Brooklyn Nine-Nine: Season 1: Sal's Pizza","02/08/2018"
"Brooklyn Nine-Nine: Season 1: Old School","02/08/2018"
"Brooklyn Nine-Nine: Season 1: 48 Hours","01/08/2018"
"Brooklyn Nine-Nine: Season 1: Halloween","01/08/2018"
"Brooklyn Nine-Nine: Season 1: The Vulture","01/08/2018"
"Brooklyn Nine-Nine: Season 1: M.E. Time","01/08/2018"
"Brooklyn Nine-Nine: Season 1: The Slump","01/08/2018"
"White Girl","25/07/2018"
"Return to Sender","25/07/2018"
"Spy Kids","24/07/2018"
"The Edge of Seventeen","22/07/2018"
"Teenage Cocktail","22/07/2018"
"Guardians of the Galaxy","21/07/2018"
"Comedians in Cars Getting Coffee: New 2018: Freshly Brewed: Kate McKinnon: A Brain In A Jar","18/07/2018"
"Comedians in Cars Getting Coffee: New 2018: Freshly Brewed: Ellen DeGeneres: You Said It Wasn’t Funny","18/07/2018"
"Comedians in Cars Getting Coffee: First Cup: Jim Carrey: We Love Breathing What You're Burning, Baby","18/07/2018"
"The Shallows","16/07/2018"
"Brooklyn Nine-Nine: Season 4: Crime & Punishment","14/07/2018"
"Brooklyn Nine-Nine: Season 4: The Bank Job","14/07/2018"
"Safe Haven","13/07/2018"
"Brooklyn Nine-Nine: Season 4: The Slaughterhouse","13/07/2018"
"Brooklyn Nine-Nine: Season 4: Your Honor","13/07/2018"
"Brooklyn Nine-Nine: Season 4: Chasing Amy","12/07/2018"
"Brooklyn Nine-Nine: Season 4: Cop-Con","12/07/2018"
"Brooklyn Nine-Nine: Season 4: Moo Moo","12/07/2018"
"Brooklyn Nine-Nine: Season 4: The Last Ride","12/07/2018"
"Brooklyn Nine-Nine: Season 4: Serve & Protect","12/07/2018"
"Duck Butter","11/07/2018"
"Brooklyn Nine-Nine: Season 4: The Audit","10/07/2018"
"Brooklyn Nine-Nine: Season 4: The Fugitive: Part 2","10/07/2018"
"Brooklyn Nine-Nine: Season 4: The Fugitive: Part 1","10/07/2018"
"Brooklyn Nine-Nine: Season 4: Captain Latvia","10/07/2018"
"Brooklyn Nine-Nine: Season 4: Skyfire Cycle","09/07/2018"
"Brooklyn Nine-Nine: Season 4: Mr. Santiago","09/07/2018"
"Brooklyn Nine-Nine: Season 4: Monster in the Closet","09/07/2018"
"Brooklyn Nine-Nine: Season 4: Halloween IV","09/07/2018"
"Alias Grace: Limited Series: Part 6","08/07/2018"
"Alias Grace: Limited Series: Part 5","08/07/2018"
"Alias Grace: Limited Series: Part 4","08/07/2018"
"Alias Grace: Limited Series: Part 3","08/07/2018"
"Alias Grace: Limited Series: Part 2","08/07/2018"
"Alias Grace: Limited Series: Part 1","08/07/2018"
"To Each, Her Own","08/07/2018"
"Brain on Fire","08/07/2018"
"Anne with an E: Season 1: Your Will Shall Decide Your Destiny","08/07/2018"
"Anne with an E: Season 2: The Growing Good of the World","07/07/2018"
"Anne with an E: Season 2: What We Have Been Makes Us What We Are","07/07/2018"
"Anne with an E: Season 2: Struggling Against the Perception of Facts","07/07/2018"
"Anne with an E: Season 2: Memory Has as Many Moods as the Temper","07/07/2018"
"Anne with an E: Season 2: I Protest Against Any Absolute Conclusion","07/07/2018"
"Anne with an E: Season 2: The Determining Acts of Her Life","07/07/2018"
"Anne with an E: Season 2: The Painful Eagerness of Unfed Hope","07/07/2018"
"Anne with an E: Season 2: The True Seeing Is Within","06/07/2018"
"Anne with an E: Season 2: Signs Are Small Measurable Things, But Interpretations Are Illimitable","06/07/2018"
"Anne with an E: Season 2: Youth Is the Season of Hope","06/07/2018"
"Gilmore Girls: Season 6: The Prodigal Daughter Returns","04/07/2018"
"Set It Up","04/07/2018"
"Gilmore Girls: Season 6: Let Me Hear Your Balalaikas Ringing Out","22/06/2018"
"Sense8: Season 2: Amor Vincit Omnia","11/06/2018"
"Sense8: Season 2: What Family Actually Means","11/06/2018"
"Top of the Lake: Season 2: The Battle of the Mothers","08/06/2018"
"Top of the Lake: Season 2: Who's Your Daddy?","07/06/2018"
"Top of the Lake: Season 2: Birthday","07/06/2018"
"Top of the Lake: Season 2: Surrogate","06/06/2018"
"Top of the Lake: Season 2: The Loved One","06/06/2018"
"Top of the Lake: Season 2: China Girl","06/06/2018"
"Brooklyn Nine-Nine: Season 4: The Night Shift","03/06/2018"
"Brooklyn Nine-Nine: Season 4: Coral Palms: Part 3","03/06/2018"
"Brooklyn Nine-Nine: Season 4: Coral Palms: Part 2","03/06/2018"
"Easy: Season 1: Brewery Brothers","03/06/2018"
"Easy: Season 1: Vegan Cinderella","03/06/2018"
"Dear White People: Volume 1: Chapter III","26/05/2018"
"Dear White People: Volume 1: Chapter II","26/05/2018"
"Dear White People: Volume 1: Chapter I","26/05/2018"
"The Rain: Season 1: Trust Your Instincts","20/05/2018"
"The Rain: Season 1: Don't Talk to Strangers","20/05/2018"
"The Rain: Season 1: Keep Your Friends Close","20/05/2018"
"The Rain: Season 1: Have Faith","20/05/2018"
"True and the Rainbow Kingdom: The Rainbow Kingdom: Super Duper Dance Party","20/05/2018"
"The Rain: Season 1: Trust No One","19/05/2018"
"The Rain: Season 1: Avoid the City","19/05/2018"
"The Rain: Season 1: Stay Together","19/05/2018"
"The Rain: Season 1: Stay Inside","19/05/2018"
"Dear White People: Volume 2: Chapter X","19/05/2018"
"Dear White People: Volume 2: Chapter IX","19/05/2018"
"Dear White People: Volume 2: Chapter VIII","19/05/2018"
"Dear White People: Volume 2: Chapter VII","19/05/2018"
"Dear White People: Volume 2: Chapter VI","19/05/2018"
"Dear White People: Volume 2: Chapter V","18/05/2018"
"Dear White People: Volume 2: Chapter IV","18/05/2018"
"Dear White People: Volume 2: Chapter III","18/05/2018"
"Dear White People: Volume 2: Chapter II","18/05/2018"
"Dear White People: Volume 2: Chapter I","18/05/2018"
"Brooklyn Nine-Nine: Season 4: Coral Palms: Part 1","01/05/2018"
"The World's Most Extraordinary Homes: Season 1: Forest","26/04/2018"
"You Me Her: Season 1: No Penetration","22/04/2018"
"Audrie & Daisy","21/04/2018"
"Deadpool","15/04/2018"
"A Series of Unfortunate Events: Season 2: The Vile Village: Part 2","03/04/2018"
"A Series of Unfortunate Events: Season 2: The Vile Village: Part 1","03/04/2018"
"A Series of Unfortunate Events: Season 2: The Ersatz Elevator: Part 2","03/04/2018"
"Riverdale: Season 2: Chapter Twenty-Eight: There Will Be Blood","03/04/2018"
"A Series of Unfortunate Events: Season 2: Carnivorous Carnival: Part 2","02/04/2018"
"A Series of Unfortunate Events: Season 2: Carnivorous Carnival: Part 1","01/04/2018"
"A Series of Unfortunate Events: Season 2: The Hostile Hospital: Part 2","01/04/2018"
"Hush","28/03/2018"
"Godless: Limited Series: An Incident at Creede","27/03/2018"
"The Witch","23/03/2018"
"Chesapeake Shores: Season 2: Freefall","22/03/2018"
"Love: Season 3: Catalina","18/03/2018"
"Love: Season 3: Anniversary Party","18/03/2018"
"Love: Season 3: The Cruikshanks","18/03/2018"
"Love: Season 3: You're My Gran Torino","17/03/2018"
"Love: Season 3: Stunt Show","17/03/2018"
"Love: Season 3: Sarah from College","17/03/2018"
"Love: Season 3: Directing","16/03/2018"
"Love: Season 3: I'm Sick","16/03/2018"
"Love: Season 3: Arya and Greg","15/03/2018"
"Love: Season 3: Winners and Losers","15/03/2018"
"Love: Season 3: Palm Springs Getaway","14/03/2018"
"Riverdale: Season 2: Chapter Twenty-Seven: The Hills Have Eyes","13/03/2018"
"Riverdale: Season 2: Chapter Twenty-Six: The Tell-Tale Heart","13/03/2018"
"Marvel's Jessica Jones: Season 2: AKA Playland","12/03/2018"
"Marvel's Jessica Jones: Season 2: AKA Pray for My Patsy","12/03/2018"
"Marvel's Jessica Jones: Season 2: AKA Three Lives and Counting","12/03/2018"
"Marvel's Jessica Jones: Season 2: AKA Pork Chop","11/03/2018"
"Marvel's Jessica Jones: Season 2: AKA Shark in the Bathtub, Monster in the Bed","10/03/2018"
"Marvel's Jessica Jones: Season 2: AKA Ain’t We Got Fun","10/03/2018"
"Marvel's Jessica Jones: Season 2: AKA I Want Your Cray Cray","10/03/2018"
"Marvel's Jessica Jones: Season 2: AKA Facetime","10/03/2018"
"Marvel's Jessica Jones: Season 2: AKA The Octopus","10/03/2018"
"Marvel's Jessica Jones: Season 2: AKA God Help the Hobo","10/03/2018"
"Marvel's Jessica Jones: Season 2: AKA Start at the Beginning","10/03/2018"
"Good Witch: Season 3: Day After Day","06/03/2018"
"Good Witch: Season 3: Without Magic for a Spell","06/03/2018"
"Good Witch: Season 3: A Budding Romance","06/03/2018"
"The Big Short","05/03/2018"
"Wallander: Series 1: Sidetracked","05/03/2018"
"Gilmore Girls: Season 6: Twenty-One is the Loneliest Number","18/02/2018"
"Gilmore Girls: Season 6: Welcome to the Dollhouse","18/02/2018"
"Gilmore Girls: Season 6: We've Got Magic to Do","18/02/2018"
"Gilmore Girls: Season 6: Always a Godmother, Never a God","18/02/2018"
"Gilmore Girls: Season 6: The Ungraduate","17/02/2018"
"Gilmore Girls: Season 6: Fight Face","15/02/2018"
"Gilmore Girls: Season 6: New and Improved Lorelai","15/02/2018"
"Gilmore Girls: Season 5: A House is Not a Home","11/02/2018"
"Gilmore Girls: Season 5: Blame Booze and Melville","11/02/2018"
"Gilmore Girls: Season 5: How Many Kropogs to Cape Cod?","10/02/2018"
"Pride and Prejudice and Zombies","06/02/2018"
"Atypical: Season 1: The Silencing Properties of Snow","05/02/2018"
"Atypical: Season 1: I Lost My Poor Meatball","05/02/2018"
"Atypical: Season 1: The D-Train to Bone Town","05/02/2018"
"Atypical: Season 1: That’s My Sweatshirt","05/02/2018"
"Atypical: Season 1: A Nice Neutral Smell","05/02/2018"
"Atypical: Season 1: Julia Says","05/02/2018"
"Atypical: Season 1: A Human Female","04/02/2018"
"Atypical: Season 1: Antarctica","04/02/2018"
"Gilmore Girls: Season 5: But I'm a Gilmore","03/02/2018"
"Gilmore Girls: Season 5: To Live and Let Diorama","03/02/2018"
"Peaky Blinders: Season 1: Episode 1","03/02/2018"
"Gilmore Girls: Season 5: Pulp Friction","01/02/2018"
"Manhunt: Unabomber: Pure Wudder","29/01/2018"
"Manhunt: Unabomber: UNABOM","29/01/2018"
"MINDHUNTER: Season 1: Episode 10","28/01/2018"
"MINDHUNTER: Season 1: Episode 9","28/01/2018"
"MINDHUNTER: Season 1: Episode 8","27/01/2018"
"MINDHUNTER: Season 1: Episode 7","27/01/2018"
"MINDHUNTER: Season 1: Episode 6","27/01/2018"
"MINDHUNTER: Season 1: Episode 5","27/01/2018"
"MINDHUNTER: Season 1: Episode 4","23/01/2018"
"MINDHUNTER: Season 1: Episode 3","21/01/2018"
"MINDHUNTER: Season 1: Episode 2","21/01/2018"
"Gilmore Girls: Season 5: So...Good Talk","21/01/2018"
"Gilmore Girls: Season 5: Jews and Chinese Food","21/01/2018"
"Gilmore Girls: Season 5: Say Something","21/01/2018"
"Gilmore Girls: Season 5: Wedding Bell Blues","20/01/2018"
"A Series of Unfortunate Events: Season 1: The Bad Beginning: Part One","20/01/2018"
"Gilmore Girls: Season 5: Written in the Stars","20/01/2018"
"Gilmore Girls: Season 1: Star-Crossed Lovers and Other Strangers","18/01/2018"
"Riverdale: Season 2: Chapter Twenty-Two: Silent Night, Deadly Night","09/01/2018"
"The End of the F***ing World: Season 1: Episode 8","08/01/2018"
"The End of the F***ing World: Season 1: Episode 7","08/01/2018"
"The End of the F***ing World: Season 1: Episode 6","08/01/2018"
"The End of the F***ing World: Season 1: Episode 5","08/01/2018"
"The End of the F***ing World: Season 1: Episode 4","08/01/2018"
"The End of the F***ing World: Season 1: Episode 3","08/01/2018"
"Black Mirror: Season 4: Metalhead","04/01/2018"
"Black Mirror: Season 4: Hang the DJ","31/12/2017"
"Black Mirror: Season 4: Crocodile","31/12/2017"
"Black Mirror: Season 4: Arkangel","30/12/2017"
"Dark: Season 1: Alpha and Omega","28/12/2017"
"Dark: Season 1: Everything Is Now","28/12/2017"
"Dark: Season 1: Sic Mundus Creatus Est","28/12/2017"
"Dark: Season 1: As You Sow, so You Shall Reap","28/12/2017"
"Dark: Season 1: Crossroads","28/12/2017"
"Dark: Season 1: Truths","26/12/2017"
"Dark: Season 1: Double Lives","26/12/2017"
"Dark: Season 1: Past and Present","26/12/2017"
"Dark: Season 1: Lies","26/12/2017"
"Dark: Season 1: Secrets","20/12/2017"
"Riverdale: Season 2: Chapter Twenty-One: House of the Devil","17/12/2017"
"Riverdale: Season 2: Chapter Seventeen: The Town That Dreaded Sundown","17/12/2017"
"Me Before You","17/12/2017"
"Blue Is the Warmest Color","17/12/2017"
"Gossip Girl: Season 2: Remains of the J","16/12/2017"
"Gossip Girl: Season 2: O Brother, Where Bart Thou?","16/12/2017"
"Gossip Girl: Season 2: It's a Wonderful Lie","16/12/2017"
"Gossip Girl: Season 2: The Dark Night","16/12/2017"
"Gossip Girl: Season 2: Never Been Marcused","16/12/2017"
"Gossip Girl: Season 2: Summer, Kind of Wonderful","16/12/2017"
"Gossip Girl: Season 1: Much 'I Do' About Nothing","16/12/2017"
"Gossip Girl: Season 1: Woman on the Verge","16/12/2017"
"Gossip Girl: Season 1: All About My Brother","16/12/2017"
"Christmas Inheritance","15/12/2017"
"Gossip Girl: Season 1: Desperately Seeking Serena","13/12/2017"
"Gossip Girl: Season 1: The Blair Bitch Project","13/12/2017"
"Before I Fall","12/12/2017"
"Doctor Who: Season 5: Vincent and the Doctor","07/12/2017"
"Doctor Who: Season 5: The Lodger","07/12/2017"
"Riverdale: Season 2: Chapter Sixteen: The Watcher in the Woods","07/12/2017"
"Riverdale: Season 2: Chapter Twenty: Tales from the Darkside","03/12/2017"
"Riverdale: Season 2: Chapter Fifteen: Nighthawks","02/12/2017"
"Riverdale: Season 2: Chapter Fourteen: A Kiss Before Dying","02/12/2017"
"A Christmas Prince","02/12/2017"
"She's Gotta Have It: Season 1: #DaJumpoff (DOCTRINE)","27/11/2017"
"Riverdale: Season 1: Chapter Thirteen: The Sweet Hereafter","18/11/2017"
"The Bad Batch","18/11/2017"
"Elle","18/11/2017"
"Stranger Things: Stranger Things 2: Chapter Six: The Spy","04/11/2017"
"Stranger Things: Stranger Things 2: Chapter Five: Dig Dug","03/11/2017"
"It's Always Sunny in Philadelphia: Season 6: The Gang Buys a Boat","03/11/2017"
"Stranger Things: Stranger Things 2: Chapter Four: Will the Wise","03/11/2017"
"Stranger Things: Stranger Things 2: Chapter Three: The Pollywog","02/11/2017"
"Stranger Things: Stranger Things 2: Chapter Two: Trick or Treat, Freak","02/11/2017"
"Jack Whitehall: Travels with My Father: Season 1: Episode 1","02/11/2017"
"Brooklyn Nine-Nine: Season 3: The Swedes","02/11/2017"
"Brooklyn Nine-Nine: Season 3: Ava","02/11/2017"
"Brooklyn Nine-Nine: Season 3: The Mattress","02/11/2017"
"Brooklyn Nine-Nine: Season 3: Into the Woods","02/11/2017"
"Brooklyn Nine-Nine: Season 3: Halloween Part III","02/11/2017"
"Stranger Things: Stranger Things 2: Chapter One: MADMAX","01/11/2017"
"Oblivion","01/11/2017"
"Good Witch: Season 3: The Enchantress Unites, Part 1","25/10/2017"
"Gilmore Girls: Season 1: Christopher Returns","05/10/2017"
"Chesapeake Shores: Season 2: Secrets, Lies And School Supplies","29/09/2017"
"Chesapeake Shores: Season 1: Exes Mark the Spot","29/09/2017"
"Chesapeake Shores: Season 1: Deals Undone","26/09/2017"
"Chesapeake Shores: Season 1: Second Chances","26/09/2017"
"Gilmore Girls: Season 5: Norman Mailer, I'm Pregnant","25/09/2017"
"Gilmore Girls: Season 5: We Got Us a Pippi Virgin","25/09/2017"
"Gilmore Girls: Season 5: Tippecanoe and Taylor, Too","25/09/2017"
"Gossip Girl: Season 1: A Thin Line Between Chuck and Nate","24/09/2017"
"House of Cards: Season 2: Chapter 17","23/09/2017"
"The Circle","18/09/2017"
"House of Cards: Season 2: Chapter 16","18/09/2017"
"House of Cards: Season 2: Chapter 15","17/09/2017"
"House of Cards: Season 2: Chapter 14","17/09/2017"
"House of Cards: Season 1: Chapter 13","16/09/2017"
"House of Cards: Season 1: Chapter 12","16/09/2017"
"House of Cards: Season 1: Chapter 11","16/09/2017"
"House of Cards: Season 1: Chapter 10","15/09/2017"
"House of Cards: Season 1: Chapter 9","15/09/2017"
"House of Cards: Season 1: Chapter 8","15/09/2017"
"House of Cards: Season 1: Chapter 7","15/09/2017"
"House of Cards: Season 1: Chapter 6","15/09/2017"
"House of Cards: Season 1: Chapter 5","14/09/2017"
"House of Cards: Season 1: Chapter 4","14/09/2017"
"House of Cards: Season 1: Chapter 3","14/09/2017"
"House of Cards: Season 1: Chapter 2","14/09/2017"
"Greenhouse Academy: Season 1: Pilot","14/09/2017"
"#realityhigh","13/09/2017"
"House of Cards: Season 1: Chapter 1","08/09/2017"
"Carrie Pilby","07/09/2017"
"Stranger Things: Chapter Eight: The Upside Down","06/09/2017"
"Stranger Things: Chapter Seven: The Bathtub","06/09/2017"
"Stranger Things: Chapter Six: The Monster","05/09/2017"
"Stranger Things: Chapter Five: The Flea and the Acrobat","04/09/2017"
"Stranger Things: Chapter Four: The Body","04/09/2017"
"Stranger Things: Chapter Three: Holly, Jolly","04/09/2017"
"Stranger Things: Chapter Two: The Weirdo on Maple Street","04/09/2017"
"Little Evil","03/09/2017"
"Hunt for the Wilderpeople","27/08/2017"
"Marvel's Jessica Jones: Season 1: AKA Ladies Night","26/08/2017"
"Marvel's Jessica Jones: Season 1: AKA Crush Syndrome","26/08/2017"
"Marvel's The Defenders: Limited Series: The Defenders","25/08/2017"
"Marvel's The Defenders: Limited Series: Fish in the Jailhouse","25/08/2017"
"Marvel's The Defenders: Limited Series: Ashes, Ashes","25/08/2017"
"Marvel's The Defenders: Limited Series: Take Shelter","25/08/2017"
"Marvel's The Defenders: Limited Series: Royal Dragon","25/08/2017"
"Marvel's The Defenders: Limited Series: Worst Behavior","25/08/2017"
"Marvel's The Defenders: Limited Series: Mean Right Hook","24/08/2017"
"One Day","24/08/2017"
"The IT Crowd: Series 5: The Final Episode","24/08/2017"
"The IT Crowd: Series 4: Reynholm vs Reynholm","23/08/2017"
"The IT Crowd: Series 4: Bad Boys","23/08/2017"
"The IT Crowd: Series 4: Italian for Beginners","23/08/2017"
"Marvel's The Defenders: Limited Series: The H Word","20/08/2017"
"The IT Crowd: Series 4: Something Happened","19/08/2017"
"The IT Crowd: Series 4: The Final Countdown","19/08/2017"
"The IT Crowd: Series 4: Jen the Fredo","19/08/2017"
"The IT Crowd: Series 3: Friendface","19/08/2017"
"The IT Crowd: Series 3: The Speech","19/08/2017"
"The IT Crowd: Series 3: Tramps Like Us","16/08/2017"
"The IT Crowd: Series 3: Are We Not Men?","16/08/2017"
"The IT Crowd: Series 3: From Hell","16/08/2017"
"The IT Crowd: Series 2: Men Without Women","16/08/2017"
"The IT Crowd: Series 2: Smoke and Mirrors","14/08/2017"
"The IT Crowd: Series 2: The Dinner Party","14/08/2017"
"The IT Crowd: Series 2: Moss and the German","14/08/2017"
"The IT Crowd: Series 2: Return of the Golden Child","14/08/2017"
"The IT Crowd: Series 2: The Work Outing","14/08/2017"
"The IT Crowd: Series 1: Aunt Irma Visits","13/08/2017"
"The IT Crowd: Series 1: The Haunting of Bill Crouse","13/08/2017"
"The IT Crowd: Series 1: The Red Door","13/08/2017"
"The IT Crowd: Series 1: Fifty-Fifty","13/08/2017"
"Chesapeake Shores: Season 1: Georgia on My Mind","11/08/2017"
"Chesapeake Shores: Season 1: We're Gaining a Daughter","10/08/2017"
"You Me Her: Season 1: Check a Box","09/08/2017"
"You Me Her: Season 1: Niece Jackie","09/08/2017"
"Chesapeake Shores: Season 1: We're Not Losing a Son...","09/08/2017"
"Chesapeake Shores: Season 1: Home to Roost: Part 2","08/08/2017"
"Chesapeake Shores: Season 1: Home to Roost: Part 1","07/08/2017"
"The Incredible Jessica James","03/08/2017"
"Chesapeake Shores: Season 1: Pilot: Part 2","29/07/2017"
"Chesapeake Shores: Season 1: Pilot: Part 1","29/07/2017"
"Hotel Transylvania 2","18/07/2017"
"To the Bone","18/07/2017"
"Doctor Strange","13/07/2017"
"Riverdale: Season 1: Chapter Four: The Last Picture Show","06/07/2017"
"You Get Me","23/06/2017"
"Fresh Meat: Series 1: Episode 5","23/06/2017"
"Fresh Meat: Series 1: Episode 4","23/06/2017"
"Fresh Meat: Series 1: Episode 3","23/06/2017"
"Fresh Meat: Series 1: Episode 2","23/06/2017"
"You Me Her: Season 1: Can You Be Cool?","11/06/2017"
"You Me Her: Season 1: Cigarettes and Funions and Crap","11/06/2017"
"Dope","11/06/2017"
"Trollhunter","11/06/2017"
"Love.com","08/06/2017"
"Modern Family: Season 1: Pilot","05/06/2017"
"Modern Family: SEASON: VideoEpisode","05/06/2017"
"Modern Family: SEASON: VideoEpisode","05/06/2017"
"Modern Family: SEASON: VideoEpisode","04/06/2017"
"Modern Family: SEASON: VideoEpisode","04/06/2017"
"Modern Family: SEASON: VideoEpisode","04/06/2017"
"Modern Family: SEASON: VideoEpisode","04/06/2017"
"Modern Family: SEASON: VideoEpisode","04/06/2017"
"Modern Family: SEASON: VideoEpisode","03/06/2017"
"Modern Family: SEASON: VideoEpisode","03/06/2017"
"Modern Family: SEASON: VideoEpisode","03/06/2017"
"Modern Family: SEASON: VideoEpisode","03/06/2017"
"Modern Family: SEASON: VideoEpisode","02/06/2017"
"Modern Family: SEASON: VideoEpisode","02/06/2017"
"Modern Family: SEASON: VideoEpisode","02/06/2017"
"Modern Family: SEASON: VideoEpisode","02/06/2017"
"Anne with an E: Season 1: Wherever You Are Is My Home","02/06/2017"
"Modern Family: SEASON: VideoEpisode","31/05/2017"
"Modern Family: SEASON: VideoEpisode","31/05/2017"
"Modern Family: SEASON: VideoEpisode","28/05/2017"
"Modern Family: SEASON: VideoEpisode","28/05/2017"
"Modern Family: SEASON: VideoEpisode","28/05/2017"
"Modern Family: SEASON: VideoEpisode","28/05/2017"
"Crimson Peak","26/05/2017"
"Master of None: Season 2: The Thief","23/05/2017"
"Master of None: Season 1: Nashville","23/05/2017"
"The Jungle Book (2016)","19/05/2017"
"Pretty Little Liars: Season 7: Tick-Tock, B**ches","15/05/2017"
"Riverdale: Season 1: Chapter Eleven: To Riverdale and Back Again","14/05/2017"
"Anne with an E: Season 1: But What Is So Headstrong as Youth?","13/05/2017"
"Louis C.K.: Hilarious","13/05/2017"
"Anne with an E: Season 1: Remorse Is the Poison of Life","12/05/2017"
"Anne with an E: Season 1: Tightly Knotted to a Similar String","12/05/2017"
"Anne with an E: Season 1: An Inward Treasure Born","12/05/2017"
"Anne with an E: Season 1: I Am No Bird, and No Net Ensnares Me","12/05/2017"
"Sense8: Season 2: All I Want Right Now Is One More Bullet","10/05/2017"
"Sense8: Season 2: I Have No Room In My Heart For Hate","10/05/2017"
"Jurassic World","09/05/2017"
"LOL","09/05/2017"
"Spirit Riding Free: Season 1: Lucky and the Unbreakable Spirit","08/05/2017"
"Sense8: Season 2: Isolated Above, Connected Below","07/05/2017"
"Sense8: Season 2: Fear Never Fixed Anything","07/05/2017"
"Sense8: Season 2: Polyphony","07/05/2017"
"Sense8: Season 2: Who Am I?","06/05/2017"
"Sense8: Season 2: Happy F*cking New Year.","06/05/2017"
"Dear White People: Volume 1: Chapter X","05/05/2017"
"Dear White People: Volume 1: Chapter IX","05/05/2017"
"Dear White People: Volume 1: Chapter VIII","05/05/2017"
"Dear White People: Volume 1: Chapter VII","05/05/2017"
"Dear White People: Volume 1: Chapter VI","05/05/2017"
"Dear White People: Volume 1: Chapter IV","03/05/2017"
"Dear White People: Volume 1: Chapter V","03/05/2017"
"Girlboss: Season 1: Ladyshopper99","27/04/2017"
"Girlboss: Season 1: Thank You, San Francisco","27/04/2017"
"Girlboss: Season 1: The Hern","27/04/2017"
"Girlboss: Season 1: Sophia","27/04/2017"
"Zombieland","27/04/2017"
"Girlboss: Season 1: The Launch","25/04/2017"
"Girlboss: Season 1: I Come Crashing","25/04/2017"
"Girlboss: Season 1: Garbage Person","25/04/2017"
"Girlboss: Season 1: Vintage Fashion Forum","24/04/2017"
"Girlboss: Season 1: Motherf*ckin' Bar Graphs","24/04/2017"
"Girlboss: Season 1: The Trip","24/04/2017"
"Girlboss: Season 1: Long-Ass Pants","23/04/2017"
"Girlboss: Season 1: Five Percent","23/04/2017"
"Girlboss: Season 1: Top 8","23/04/2017"
"Lie to Me: Season 1: Pilot","19/04/2017"
"Project Runway: Season 7: The Highs & Lows of Fashion","18/04/2017"
"Project Runway: Season 7: The Fashion Farm","18/04/2017"
"Project Runway: Season 7: Back to New York","18/04/2017"
"Riverdale: Season 1: Chapter Ten: The Lost Weekend","18/04/2017"
"Gilmore Girls: Season 1: Paris is Burning","12/04/2017"
"Gilmore Girls: Season 1: Forgiveness and Stuff","12/04/2017"
"Gilmore Girls: Season 1: Rory's Dance","12/04/2017"
"Louis C.K. 2017","10/04/2017"
"Riverdale: Season 1: Chapter Nine: La Grande Illusion","10/04/2017"
"Gilmore Girls: Season 1: Love & War & Snow","08/04/2017"
"13 Reasons Why: Season 1: Tape 5, Side A","08/04/2017"
"13 Reasons Why: Season 1: Tape 4, Side B","08/04/2017"
"13 Reasons Why: Season 1: Tape 4, Side A","08/04/2017"
"13 Reasons Why: Season 1: Tape 3, Side B","08/04/2017"
"Ex Machina","08/04/2017"
"iZombie: Season 2: Even Cowgirls Get the Black and Blues","05/04/2017"
"iZombie: Season 2: Real Dead Housewife of Seattle","05/04/2017"
"iZombie: Season 2: Zombie Bro","05/04/2017"
"iZombie: Season 2: Grumpy Old Liv","05/04/2017"
"The Discovery","02/04/2017"
"13 Reasons Why: Season 1: Tape 6, Side B","01/04/2017"
"13 Reasons Why: Season 1: Tape 7, Side A","01/04/2017"
"13 Reasons Why: Season 1: Tape 3, Side A","01/04/2017"
"13 Reasons Why: Season 1: Tape 2, Side B","01/04/2017"
"13 Reasons Why: Season 1: Tape 2, Side A","01/04/2017"
"13 Reasons Why: Season 1: Tape 1, Side B","01/04/2017"
"13 Reasons Why: Season 1: Tape 1, Side A","01/04/2017"
"Riverdale: Season 1: Chapter Eight: The Outsiders","01/04/2017"
"Gilmore Girls: Season 1: Rory's Birthday Parties","28/03/2017"
"Gilmore Girls: Season 1: Cinnamon's Wake","27/03/2017"
"Gilmore Girls: Season 1: The Deer Hunters","26/03/2017"
"Gilmore Girls: Season 1: Kill Me Now","20/03/2017"
"Gilmore Girls: Season 1: The Lorelais' First Day at Chilton","20/03/2017"
"The House of Small Cubes","20/03/2017"
"Abstract: The Art of Design: Season 1: Paula Scher: Graphic Design","19/03/2017"
"Abstract: The Art of Design: Season 1: Ralph Gilles: Automotive Design","17/03/2017"
"Amy Schumer: The Leather Special","15/03/2017"
"Love: Season 2: Back in Town","14/03/2017"
"Love: Season 2: The Long D","14/03/2017"
"Love: Season 2: Liberty Down","14/03/2017"
"Love: Season 2: Housesitting","14/03/2017"
"Love: Season 2: Marty Dobbs","13/03/2017"
"Love: Season 2: The Work Party","13/03/2017"
"Love: Season 2: Forced Hiatus","13/03/2017"
"Love: Season 2: A Day","12/03/2017"
"Love: Season 2: Shrooms","12/03/2017"
"Love: Season 2: While You Were Sleeping","12/03/2017"
"Love: Season 2: Friends Night Out","12/03/2017"
"Love: Season 2: On Lockdown","11/03/2017"
"Riverdale: Season 1: Chapter Seven: In a Lonely Place","11/03/2017"
"How I Met Your Mother: Season 9: How Your Mother Met Me","08/03/2017"
"Abstract: The Art of Design: Season 1: Bjarke Ingels: Architecture","07/03/2017"
"Abstract: The Art of Design: Season 1: Es Devlin: Stage Design","05/03/2017"
"Abstract: The Art of Design: Season 1: Tinker Hatfield: Footwear Design","05/03/2017"
"Riverdale: Season 1: Chapter Six: Faster, Pussycats! Kill! Kill!","04/03/2017"
"The Sound of Your Heart: Season 1: The Sound of Your Heart / The Way Home","27/02/2017"
"Abstract: The Art of Design: Season 1: Christoph Niemann: Illustration","26/02/2017"
"Riverdale: Season 1: Chapter Five: Heart of Darkness","26/02/2017"
"You Laugh But It's True","23/02/2017"
"Trevor Noah: Afraid of the Dark","23/02/2017"
"Gossip Girl: Season 1: School Lies","19/02/2017"
"Gossip Girl: Season 1: Roman Holiday","19/02/2017"
"Gossip Girl: Season 1: Hi, Society","19/02/2017"
"Gossip Girl: Season 1: Blair Waldorf Must Pie!","19/02/2017"
"White Nights: Season 1: Episode 1","18/02/2017"
"Goodbye First Love","16/02/2017"
"Gossip Girl: Season 1: Seventeen Candles","15/02/2017"
"Valentine's Day","12/02/2017"
"Gossip Girl: Season 6: New York, I Love You, XOXO / Retrospective Special","11/02/2017"
"Gossip Girl: Season 6: The Revengers","11/02/2017"
"Gossip Girl: Season 6: It's Really Complicated","11/02/2017"
"Gossip Girl: Season 6: Save the Last Chance","11/02/2017"
"Gossip Girl: Season 6: Where the Vile Things Are","11/02/2017"
"Gossip Girl: Season 6: Monstrous Ball","11/02/2017"
"Gossip Girl: Season 6: Portrait of a Lady Alexander","11/02/2017"
"Gossip Girl: Season 6: Dirty Rotten Scandals","11/02/2017"
"Gossip Girl: Season 6: High Infidelity","11/02/2017"
"Riverdale: Season 1: Chapter Three: Body Double","11/02/2017"
"The Final Girls","05/02/2017"
"Santa Clarita Diet: Season 1: Baka, Bile and Baseball Bats","05/02/2017"
"Santa Clarita Diet: Season 1: The Book!","05/02/2017"
"Hot Girls Wanted","05/02/2017"
"Santa Clarita Diet: Season 1: How Much Vomit?","05/02/2017"
"Santa Clarita Diet: Season 1: Strange or Just Inconsiderate?","05/02/2017"
"Santa Clarita Diet: Season 1: Attention to Detail","04/02/2017"
"Riverdale: Season 1: Chapter Two: Touch of Evil","04/02/2017"
"Riverdale: Season 1: Chapter One: The River's Edge","04/02/2017"
"Santa Clarita Diet: Season 1: Man Eat Man","04/02/2017"
"Santa Clarita Diet: Season 1: The Farting Sex Tourist","04/02/2017"
"Santa Clarita Diet: Season 1: We Can Kill People","04/02/2017"
"Santa Clarita Diet: Season 1: We Can't Kill People!","04/02/2017"
"Santa Clarita Diet: Season 1: So Then a Bat or a Monkey","04/02/2017"
"Frontier: Season 1: A Kingdom Unto Itself","02/02/2017"
"Crazyhead: Season 1: A Very Trippy Horse","01/02/2017"
"London Spy: Season 1: Episode 5","27/01/2017"
"London Spy: Season 1: Episode 4","27/01/2017"
"London Spy: Season 1: Episode 3","27/01/2017"
"London Spy: Season 1: Episode 2","26/01/2017"
"London Spy: Season 1: Episode 1","26/01/2017"
"Orphan Black: Season 1: Instinct","26/01/2017"
"How to Get Away With Murder: Season 1: It's All My Fault","21/01/2017"
"How to Get Away With Murder: Season 1: The Night Lila Died","21/01/2017"
"How to Get Away With Murder: Season 1: Mama's Here Now","19/01/2017"
"How to Get Away With Murder: Season 1: She's a Murderer","19/01/2017"
"How to Get Away With Murder: Season 1: Best Christmas Ever","19/01/2017"
"How to Get Away With Murder: Season 1: Hello Raskolnikov","19/01/2017"
"How to Get Away With Murder: Season 1: Kill Me, Kill Me, Kill Me","18/01/2017"
"How to Get Away With Murder: Season 1: He Has a Wife","18/01/2017"
"How to Get Away With Murder: Season 1: He Deserved to Die","17/01/2017"
"How to Get Away With Murder: Season 1: Freakin' Whack-a-Mole","17/01/2017"
"How to Get Away With Murder: Season 1: We're Not Friends","17/01/2017"
"How to Get Away With Murder: Season 1: Let's Get to Scooping","17/01/2017"
"How to Get Away With Murder: Season 1: Smile, or Go to Jail","17/01/2017"
"How to Get Away With Murder: Season 1: It's All Her Fault","16/01/2017"
"How to Get Away With Murder: Season 1: Pilot","16/01/2017"
"How I Live Now","15/01/2017"
"Chef's Table: Volume 1: Massimo Bottura","15/01/2017"
"The Hunger Games: Catching Fire","15/01/2017"
"Bitten: Season 1: Summons","15/01/2017"
"A Series of Unfortunate Events: Season 1: The Miserable Mill: Part Two","15/01/2017"
"A Series of Unfortunate Events: Season 1: The Miserable Mill: Part One","15/01/2017"
"A Series of Unfortunate Events: Season 1: The Wide Window: Part Two","14/01/2017"
"A Series of Unfortunate Events: Season 1: The Wide Window: Part One","14/01/2017"
"A Series of Unfortunate Events: Season 1: The Reptile Room: Part Two","14/01/2017"
"A Series of Unfortunate Events: Season 1: The Reptile Room: Part One","14/01/2017"
"A Series of Unfortunate Events: Season 1: The Bad Beginning: Part Two","14/01/2017"
"Skins: Vol. 6: Everyone","12/01/2017"
"Skins: Vol. 5: Everyone","12/01/2017"
"Hot Fuzz","07/01/2017"
"Horns","07/01/2017"
"Skins: Vol. 5: Grace","07/01/2017"
"Skins: Vol. 5: Alo","07/01/2017"
"Skins: Vol. 5: Liv","07/01/2017"
"Skins: Vol. 5: Mini","07/01/2017"
"Skins: Vol. 5: Rich","07/01/2017"
"Skins: Vol. 5: Franky","07/01/2017"
"Skins: Vol. 4: Everyone","07/01/2017"
"Skins: Vol. 4: Effy","07/01/2017"
"Skins: Vol. 4: JJ","07/01/2017"
"Skins: Vol. 4: Freddie","07/01/2017"
"Skins: Vol. 4: Katie","07/01/2017"
"Skins: Vol. 4: Cook","07/01/2017"
"Skins: Vol. 4: Emily","07/01/2017"
"Skins: Vol. 4: Thomas","06/01/2017"
"Skins: Vol. 3: Finale","06/01/2017"
"Skins: Vol. 3: Katie and Emily","06/01/2017"
"Skins: Vol. 3: Effy","06/01/2017"
"Skins: Vol. 3: Freddie","06/01/2017"
"Skins: Vol. 3: Pandora","06/01/2017"
"Skins: Vol. 3: Thomas","05/01/2017"
"Skins: Vol. 3: Cook","05/01/2017"
"Ratatouille","05/01/2017"
"Shadowhunters: The Mortal Instruments: Season 1: Malec","05/01/2017"
"Shadowhunters: The Mortal Instruments: Season 1: Blood Calls to Blood","05/01/2017"
"Skins: Vol. 1: Cassie","04/01/2017"
"Good Witch: Season 2: A Perfect Match, Part 2","03/01/2017"
"Sherlock: Series 3: The Abominable Bride","02/01/2017"
"The Expanse: Season 1: Dulcinea","31/12/2016"
"Dirk Gently's Holistic Detective Agency: Season 1: Horizons","26/12/2016"
"My Beautiful Broken Brain","23/12/2016"
"Stranger Things: Chapter One: The Vanishing Of Will Byers","23/12/2016"
"Sense8: Season 1: I Can’t Leave Her","23/12/2016"
"Good Witch: Season 2: A Perfect Match, Part 1","22/12/2016"
"Good Witch: Season 2: Truth","22/12/2016"
"Sense8: Creating the World","22/12/2016"
"Tucker and Dale vs. Evil","21/12/2016"
"Call My Agent!: Season 1: Cécile","20/12/2016"
"The OA: Part I: Chapter 1: Homecoming","19/12/2016"
"Good Witch: Season 2: What's Your Secret","19/12/2016"
"Good Witch: Season 2: Risk","19/12/2016"
"Good Witch: Season 2: Surprise Me","12/12/2016"
"Good Witch: Season 2: Trouble with Love","12/12/2016"
"Black Mirror: Season 1: The National Anthem","11/12/2016"
"Good Witch: Season 2: Out of the Past","08/12/2016"
"Good Witch: Season 2: Driven","08/12/2016"
"Good Witch: Season 2: Second Time Around","07/12/2016"
"Good Witch: Season 2: Something Wicked, Part 2","07/12/2016"
"Sense8: Season 1: Art Is Like Religion","06/12/2016"
"Sense8: Season 1: What’s Going On?","06/12/2016"
"Sense8: Season 1: Smart Money Is on the Skinny Bitch","06/12/2016"
"Sense8: Season 1: I Am Also a We","06/12/2016"
"Good Witch: Season 2: Something Wicked, Part 1","05/12/2016"
"Good Witch: Season 1: True Colors","05/12/2016"
"Good Witch: Season 1: Homecoming","05/12/2016"
"Good Witch: Season 1: Together We Stand …","05/12/2016"
"Good Witch: Season 1: The Storm","04/12/2016"
"Good Witch: Season 1: The Truth About Lies","04/12/2016"
"Good Witch: Season 1: All in the Family","04/12/2016"
"Good Witch: Season 1: Do the Right Thing","04/12/2016"
"Good Witch: Season 1: Running Scared","04/12/2016"
"Good Witch: Season 1: Apologies and Remembrances","04/12/2016"
"Good Witch: Season 1: Starting Over … Again","04/12/2016"
"Tales by Light: Season 1: Adrenaline","28/11/2016"
"Tales by Light: Season 1: Himalaya","28/11/2016"
"Tales by Light: Season 1: Submerged","28/11/2016"
"3%: Season 1: Chapter 01: Cubes","28/11/2016"
"Mystic Pizza","26/11/2016"
"Gilmore Girls: Season 2: Nick & Nora/Sid & Nancy","21/11/2016"
"Gilmore Girls: Season 2: The Road Trip to Harvard","20/11/2016"
"Gilmore Girls: Season 2: Red Light on the Wedding Night","20/11/2016"
"Gilmore Girls: Season 2: Hammers and Veils","20/11/2016"
"Gilmore Girls: Season 2: Sadie, Sadie...","20/11/2016"
"Gilmore Girls: Season 1: Love, Daisies and Troubadours","20/11/2016"
"Gilmore Girls: Season 1: P.S. I Lo...","19/11/2016"
"Gilmore Girls: Season 1: Emily in Wonderland","19/11/2016"
"Gilmore Girls: Season 1: The Third Lorelai","17/11/2016"
"Pretty Little Liars: Season 1: The Jenna Thing","17/11/2016"
"Pretty Little Liars: Season 1: Pilot","17/11/2016"
"Gilmore Girls: Season 1: The Breakup, Part II","16/11/2016"
"6 Years","12/11/2016"
"The Twilight Saga: Breaking Dawn: Part 2","11/11/2016"
"Gilmore Girls: Season 1: That Damn Donna Reed","11/11/2016"
"Gilmore Girls: Season 1: Concert Interruptus","10/11/2016"
"Gilmore Girls: Season 1: Double Date","10/11/2016"
"Hotel Transylvania","31/10/2016"
"He's Just Not That Into You","24/10/2016"
"Black Mirror: Season 3: Hated in the Nation","24/10/2016"
"Gilmore Girls: Season 7: Bon Voyage","24/10/2016"
"Gilmore Girls: Season 7: Unto the Breach","24/10/2016"
"Gilmore Girls: Season 7: Lorelai? Lorelai?","24/10/2016"
"Gilmore Girls: Season 7: Will You Be My Lorelai Gilmore?","24/10/2016"
"Gilmore Girls: Season 7: I'm a Kayak, Hear Me Roar","24/10/2016"
"Gilmore Girls: Season 7: Farewell, My Pet","24/10/2016"
"Gilmore Girls: Season 7: I'd Rather Be in Philadelphia","24/10/2016"
"Gilmore Girls: Season 7: To Whom It May Concern","24/10/2016"
"Black Mirror: Season 3: San Junipero","24/10/2016"
"Black Mirror: Season 3: Shut Up and Dance","24/10/2016"
"Modern Family: SEASON: VideoEpisode","22/10/2016"
"Modern Family: SEASON: VideoEpisode","22/10/2016"
"Modern Family: SEASON: VideoEpisode","22/10/2016"
"Modern Family: SEASON: VideoEpisode","22/10/2016"
"Modern Family: SEASON: VideoEpisode","21/10/2016"
"Modern Family: SEASON: VideoEpisode","21/10/2016"
"Modern Family: SEASON: VideoEpisode","21/10/2016"
"Modern Family: SEASON: VideoEpisode","21/10/2016"
"Modern Family: SEASON: VideoEpisode","21/10/2016"
"Modern Family: SEASON: VideoEpisode","21/10/2016"
"Black Mirror: Season 3: Playtest","21/10/2016"
"Black Mirror: Season 3: Nosedive","21/10/2016"
"Black Mirror: Season 2: Be Right Back","21/10/2016"
"Gilmore Girls: Season 7: Merry Fisticuffs","20/10/2016"
"Gilmore Girls: Season 7: Knit, People, Knit","20/10/2016"
"Modern Family: SEASON: VideoEpisode","20/10/2016"
"Modern Family: SEASON: VideoEpisode","20/10/2016"
"Modern Family: SEASON: VideoEpisode","20/10/2016"
"Modern Family: SEASON: VideoEpisode","20/10/2016"
"Modern Family: SEASON: VideoEpisode","20/10/2016"
"Modern Family: SEASON: VideoEpisode","20/10/2016"
"Modern Family: SEASON: VideoEpisode","20/10/2016"
"Modern Family: SEASON: VideoEpisode","20/10/2016"
"Modern Family: SEASON: VideoEpisode","20/10/2016"
"Modern Family: SEASON: VideoEpisode","20/10/2016"
"Modern Family: SEASON: VideoEpisode","20/10/2016"
"Modern Family: SEASON: VideoEpisode","20/10/2016"
"Modern Family: SEASON: VideoEpisode","20/10/2016"
"Modern Family: SEASON: VideoEpisode","20/10/2016"
"Sex and the City: The Movie","19/10/2016"
"Gilmore Girls: Season 7: Introducing Lorelai Planetarium","19/10/2016"
"Gilmore Girls: Season 7: French Twist","19/10/2016"
"The Perks of Being a Wallflower","18/10/2016"
"Gilmore Girls: Season 7: Go Bulldogs!","16/10/2016"
"Gilmore Girls: Season 7: The Great Stink","16/10/2016"
"Gilmore Girls: Season 7: 'S Wonderful, 'S Marvelous","16/10/2016"
"Gilmore Girls: Season 7: Lorelai's First Cotillion","16/10/2016"
"Gilmore Girls: Season 7: That's What You Get, Folks, For Makin' Whoopie","16/10/2016"
"Gilmore Girls: Season 7: The Long Morrow","16/10/2016"
"Haters Back Off: Season 1: Uploding my Fist Video","15/10/2016"
"Gilmore Girls: Season 6: Partings","15/10/2016"
"Gilmore Girls: Season 6: Driving Miss Gilmore","15/10/2016"
"Gilmore Girls: Season 6: Super Cool Party People","14/10/2016"
"Gilmore Girls: Season 6: I Get a Sidekick out of You","14/10/2016"
"Gilmore Girls: Season 6: The Real Paul Anka","14/10/2016"
"Fresh Meat: Series 1: Episode 1","14/10/2016"
"The Roommate","13/10/2016"
"Sex and the City 2","13/10/2016"
"Gilmore Girls: Season 6: I'm OK, You're OK","09/10/2016"
"Hanna","05/10/2016"
"The Life Aquatic with Steve Zissou","02/10/2016"
"Gilmore Girls: Season 6: Bridesmaids Revisited","02/10/2016"
"Gilmore Girls: Season 6: A Vineyard Valentine","02/10/2016"
"Marvel's Luke Cage: Season 1: Moment of Truth","02/10/2016"
"Gilmore Girls: Season 6: You've Been Gilmored","01/10/2016"
"Gilmore Girls: Season 6: Friday Night's Alright for Fighting","01/10/2016"
"Gilmore Girls: Season 5: The Party's Over","30/09/2016"
"Gilmore Girls: Season 6: He's Slippin' 'Em Bread ... Dig?","30/09/2016"
"Stuck in Love","28/09/2016"
"Limitless","24/09/2016"
"Easy: Season 1: Hop Dreams","24/09/2016"
"Easy: Season 1: Chemistry Read","24/09/2016"
"Easy: Season 1: Utopia","24/09/2016"
"Easy: Season 1: Art and Life","24/09/2016"
"Easy: Season 1: The F**king Study","24/09/2016"
"Indie Game: Life After","23/09/2016"
"Gilmore Girls: Season 5: Come Home","22/09/2016"
"Gilmore Girls: Season 5: Women of Questionable Morals","22/09/2016"
"Gilmore Girls: Season 5: But Not As Cute As Pushkin","22/09/2016"
"Gilmore Girls: Season 5: Emily Says 'Hello'","22/09/2016"
"Gilmore Girls: Season 5: You Jump, I Jump, Jack","21/09/2016"
"In Your Eyes","20/09/2016"
"The Terminal","17/09/2016"
"Gilmore Girls: Season 7: It's Just Like Riding a Bike","15/09/2016"
"Gilmore Girls: Season 7: Hay Bale Maze","15/09/2016"
"The Horse Whisperer","15/09/2016"
"Gilmore Girls: Season 7: Gilmore Girls Only","14/09/2016"
"Indie Game: The Movie","12/09/2016"
"Trash","12/09/2016"
"SHOW: SEASON: VideoEpisode","12/09/2016"
"SHOW: SEASON: VideoEpisode","12/09/2016"
"SHOW: SEASON: VideoEpisode","12/09/2016"
"SHOW: SEASON: VideoEpisode","12/09/2016"
"Whiplash","12/09/2016"
"SHOW: SEASON: VideoEpisode","11/09/2016"
"Don Jon","10/09/2016"
"The Propaganda Game","04/09/2016"
"XOXO","02/09/2016"
"Top of the Lake: Season 1: No Goodbyes Thanks","30/08/2016"
"Top of the Lake: Season 1: The Dark Creator","30/08/2016"
"Top of the Lake: Season 1: A Rainbow Above Us","30/08/2016"
"Top of the Lake: Season 1: The Edge of the Universe","29/08/2016"
"Top of the Lake: Season 1: Searchers Search","28/08/2016"
"Top of the Lake: Season 1: Paradise Sold","28/08/2016"
"The Theory of Everything","24/08/2016"
"Skins: Vol. 7: Rise Part One","24/08/2016"
"Skins: Vol. 7: Pure Part Two","24/08/2016"
"Skins: Vol. 7: Pure Part One","24/08/2016"
"Skins: Vol. 7: Fire Part Two","24/08/2016"
"Advantageous","24/08/2016"
"Skins: Vol. 7: Fire Part One","24/08/2016"
"Better Call Saul: Season 2: Klick","14/08/2016"
"Better Call Saul: Season 2: Switch","14/08/2016"
"Better Call Saul: Season 1: Marco","14/08/2016"
"Better Call Saul: Season 1: Uno","14/08/2016"
"Better Call Saul: Season 2: Nailed","14/08/2016"
"Better Call Saul: Season 2: Fifi","14/08/2016"
"Better Call Saul: Season 2: Inflatable","14/08/2016"
"Better Call Saul: Season 2: Bali Ha'i","14/08/2016"
"Better Call Saul: Season 2: Rebecca","14/08/2016"
"Better Call Saul: Season 2: Gloves Off","14/08/2016"
"Better Call Saul: Season 2: Amarillo","14/08/2016"
"Better Call Saul: Season 2: Cobbler","14/08/2016"
"Orange Is the New Black: Season 3: Mother's Day","13/08/2016"
"Orange Is the New Black: Season 2: We Have Manners. We're Polite.","13/08/2016"
"Orange Is the New Black: Season 2: It Was the Change","13/08/2016"
"Orange Is the New Black: Season 2: Take a Break From Your Values","13/08/2016"
"Orange Is the New Black: Season 2: Little Mustachioed Sh*t","13/08/2016"
"Orange Is the New Black: Season 2: 40 Oz. of Furlough","13/08/2016"
"Orange Is the New Black: Season 2: Appropriately Sized Pots","13/08/2016"
"Orange Is the New Black: Season 2: Comic Sans","13/08/2016"
"Orange Is the New Black: Season 2: You Also Have a Pizza","13/08/2016"
"Orange Is the New Black: Season 2: Low Self Esteem City","13/08/2016"
"Orange Is the New Black: Season 2: A Whole Other Hole","12/08/2016"
"Orange Is the New Black: Season 2: Hugs Can Be Deceiving","12/08/2016"
"Orange Is the New Black: Season 2: Looks Blue, Tastes Red","11/08/2016"
"Orange Is the New Black: Season 2: Thirsty Bird","11/08/2016"
"Orange Is the New Black: Season 1: Can't Fix Crazy","11/08/2016"
"Orange Is the New Black: Season 1: Fool Me Once","11/08/2016"
"Orange Is the New Black: Season 1: Tall Men with Feelings","11/08/2016"
"Orange Is the New Black: Season 1: Bora Bora Bora","10/08/2016"
"Orange Is the New Black: Season 1: F*cksgiving","10/08/2016"
"Orange Is the New Black: Season 1: Moscow Mule","10/08/2016"
"Orange Is the New Black: Season 1: Blood Donut","10/08/2016"
"Orange Is the New Black: Season 1: WAC Pack","10/08/2016"
"Orange Is the New Black: Season 1: The Chickening","09/08/2016"
"Orange Is the New Black: Season 1: Imaginary Enemies","09/08/2016"
"Orange Is the New Black: Season 1: Lesbian Request Denied","09/08/2016"
"Orange Is the New Black: Season 1: Tit Punch","09/08/2016"
"Orange Is the New Black: Season 1: I Wasn't Ready","09/08/2016"
"Orange Is the New Black: Season 3: Trust No Bitch","09/08/2016"
"Narcos: Season 1: Despegue","09/08/2016"
"Narcos: Season 1: Descenso","09/08/2016"
"F is for Family: Season 1: The Bleedin’ in Sweden","09/08/2016"
"Rick and Morty: Season 1: Ricksy Business","09/08/2016"
"Rick and Morty: Season 1: Close Rick-counters of the Rick Kind","09/08/2016"
"Rick and Morty: Season 1: Something Ricked This Way Comes","08/08/2016"
"Rick and Morty: Season 1: Rixty Minutes","08/08/2016"
"Rick and Morty: Season 1: Raising Gazorpazorp","08/08/2016"
"Rick and Morty: Season 1: Rick Potion #9","08/08/2016"
"Rick and Morty: Season 1: Meeseeks and Destroy","08/08/2016"
"Rick and Morty: Season 1: M. Night Shaym-Aliens!","08/08/2016"
"Rick and Morty: Season 1: Anatomy Park","08/08/2016"
"Rick and Morty: Season 1: Lawnmower Dog","08/08/2016"
"Utopia: Season 1: Episode 5","08/08/2016"
"Utopia: Season 1: Episode 4","08/08/2016"
"Utopia: Season 1: Episode 3","08/08/2016"
"Utopia: Season 1: Episode 2","07/08/2016"
"Utopia: Season 1: Episode 1","07/08/2016"
"Rick and Morty: Season 1: Pilot","06/08/2016"
"American Horror Story: Freak Show: Tupperware Party Massacre","04/08/2016"
"American Horror Story: Freak Show: Blood Bath","04/08/2016"
"American Horror Story: Freak Show: Test of Strength","04/08/2016"
"American Horror Story: Freak Show: Bullseye","04/08/2016"
"American Horror Story: Freak Show: Pink Cupcakes","04/08/2016"
"American Horror Story: Freak Show: Edward Mordrake: Part 2","04/08/2016"
"American Horror Story: Freak Show: Edward Mordrake: Part 1","03/08/2016"
"American Horror Story: Freak Show: Massacres and Matinees","03/08/2016"
"American Horror Story: Freak Show: Monsters Among Us","03/08/2016"
"Lovesick: Season 1: Abigail","02/08/2016"
"Tallulah","02/08/2016"
"Scream: Season 2: Jeepers Creepers","28/07/2016"
"Scream: Season 2: Dawn of the Dead","28/07/2016"
"Gilmore Girls: Season 7: Santa's Secret Stuff","11/07/2016"
"The Lunchbox","09/07/2016"
"Hell and Back","08/07/2016"
"Orphan Black: Season 1: Natural Selection","08/07/2016"
"Nymphomaniac: Volume II","06/07/2016"
"Nymphomaniac: Volume 1","06/07/2016"
"A Very Secret Service: Season 1: The Tsèt","30/06/2016"
"Nightcrawler","28/06/2016"
"The Equalizer","28/06/2016"
"The DUFF","28/06/2016"
"Gossip Girl: Season 6: Gone Maybe Gone","27/06/2016"
"Scream: Season 2: Happy Birthday to Me","27/06/2016"
"The Twilight Saga: New Moon","26/06/2016"
"Vampire Academy","24/06/2016"
"Scream: Season 2: Vacancy","24/06/2016"
"Dramaworld: Season 1: Episode 3","20/06/2016"
"Dramaworld: Season 1: Episode 2","20/06/2016"
"Dramaworld: Season 1: Episode 1","20/06/2016"
"Asthma","19/06/2016"
"Orphan Black: Season 4: From Dancing Mice to Psychopaths","19/06/2016"
"Orphan Black: Season 4: The Mitigation of Competition","19/06/2016"
"Orphan Black: Season 4: The Redesign of Natural Objects","08/06/2016"
"Orphan Black: Season 4: The Antisocialism of Sex","08/06/2016"
"Orphan Black: Season 4: The Scandal of Altruism","08/06/2016"
"Scream: Season 2: Psycho","08/06/2016"
"Scream: Season 2: I Know What You Did Last Summer","07/06/2016"
"Scream: Season 1: Revelations","07/06/2016"
"Scream: Season 1: The Dance","07/06/2016"
"Scream: Season 1: Ghosts","06/06/2016"
"Scream: Season 1: In the Trenches","05/06/2016"
"Scream: Season 1: Betrayed","05/06/2016"
"Scream: Season 1: Exposed","05/06/2016"
"Scream: Season 1: Aftermath","05/06/2016"
"Scream: Season 1: Wanna Play a Game?","03/06/2016"
"Scream: Season 1: Hello, Emma","03/06/2016"
"Scream: Season 1: Pilot","03/06/2016"
"Sense8: Season 1: Limbic Resonance","29/05/2016"
"Letters to Juliet","17/05/2016"
"Sherlock: Series 3: The Sign of Three","14/05/2016"
"SHOW: SEASON: VideoEpisode","13/05/2016"
"Orphan Black: Season 4: Human Raw Material","13/05/2016"
"Orphan Black: Season 4: From Indistinct to Rational Control","10/05/2016"
"Orphan Black: Season 4: The Stigmata of Progress","10/05/2016"
"iZombie: Season 1: Blaine's World","10/05/2016"
"iZombie: Season 1: Dead Rat, Live Rat, Brown Rat, White Rat","10/05/2016"
"iZombie: Season 1: Astroburger","10/05/2016"
"iZombie: Season 1: Mr. Berserk","09/05/2016"
"iZombie: Season 1: Patriot Brains","09/05/2016"
"iZombie: Season 1: Dead Air","09/05/2016"
"iZombie: Season 1: Maternity Liv","09/05/2016"
"iZombie: Season 1: Virtual Reality Bites","08/05/2016"
"iZombie: Season 1: Flight of the Living Dead","08/05/2016"
"iZombie: Season 1: Liv and Let Clive","08/05/2016"
"iZombie: Season 1: The Exterminator","05/05/2016"
"iZombie: Season 1: Brother, Can You Spare a Brain?","05/05/2016"
"iZombie: Season 1: Pilot","04/05/2016"
"Orphan Black: Season 4: Transgressive Border Crossing","01/05/2016"
"The Paradise: Series 2: Episode 8","25/04/2016"
"The Paradise: Series 2: Episode 7","25/04/2016"
"The Paradise: Series 2: Episode 6","25/04/2016"
"The Paradise: Series 2: Episode 5","25/04/2016"
"The Paradise: Series 2: Episode 4","25/04/2016"
"The Paradise: Series 2: Episode 3","24/04/2016"
"The Paradise: Series 2: Episode 2","24/04/2016"
"The Paradise: Series 2: Episode 1","24/04/2016"
"The Paradise: Series 1: Episode 8","23/04/2016"
"The Paradise: Series 1: Episode 7","23/04/2016"
"The Paradise: Series 1: Episode 6","23/04/2016"
"The Paradise: Series 1: Episode 5","23/04/2016"
"The Paradise: Series 1: Episode 4","23/04/2016"
"The Paradise: Series 1: Episode 3","23/04/2016"
"The Paradise: Series 1: Episode 2","23/04/2016"
"The Last Song","19/04/2016"
"The Paradise: Series 1: Episode 1","15/04/2016"
"Orphan Black: Season 4: The Collapse of Nature","15/04/2016"
"Marvel's Jessica Jones: Season 1: AKA You're a Winner!","14/04/2016"
"Marvel's Jessica Jones: Season 1: AKA The Sandwich Saved Me","14/04/2016"
"The Wolf of Wall Street","12/04/2016"
"Ant-Man","10/04/2016"
"Flaked: Season 1: Westminster","07/04/2016"
"The Tale of Despereaux","07/04/2016"
"Marvel's Daredevil: Season 1: Into the Ring","04/04/2016"
"Up","03/04/2016"
"Fresh Meat: Series 4: Episode 6","30/03/2016"
"Fresh Meat: Series 4: Episode 5","30/03/2016"
"Fresh Meat: Series 4: Episode 4","30/03/2016"
"Fresh Meat: Series 4: Episode 3","29/03/2016"
"Fresh Meat: Series 4: Episode 2","29/03/2016"
"Fresh Meat: Series 4: Episode 1","29/03/2016"
"Crouching Tiger, Hidden Dragon: Sword of Destiny","26/03/2016"
"Jerry Maguire","26/03/2016"
"Tangled","24/03/2016"
"Modern Family: SEASON: VideoEpisode","23/03/2016"
"Modern Family: SEASON: VideoEpisode","23/03/2016"
"Scorpion: Season 1: A Cyclone","23/03/2016"
"Scorpion: Season 1: Single Point of Failure","23/03/2016"
"Scorpion: Season 1: Pilot","22/03/2016"
"Modern Family: SEASON: VideoEpisode","22/03/2016"
"Modern Family: SEASON: VideoEpisode","22/03/2016"
"Modern Family: SEASON: VideoEpisode","22/03/2016"
"Modern Family: SEASON: VideoEpisode","22/03/2016"
"Modern Family: SEASON: VideoEpisode","22/03/2016"
"Modern Family: SEASON: VideoEpisode","21/03/2016"
"Modern Family: SEASON: VideoEpisode","21/03/2016"
"Modern Family: SEASON: VideoEpisode","21/03/2016"
"Modern Family: SEASON: VideoEpisode","19/03/2016"
"Modern Family: SEASON: VideoEpisode","19/03/2016"
"Modern Family: SEASON: VideoEpisode","19/03/2016"
"Modern Family: SEASON: VideoEpisode","18/03/2016"
"Spartacus: Blood and Sand: The Red Serpent","17/03/2016"
"Shadowhunters: The Mortal Instruments: Season 1: This World Inverted","17/03/2016"
"Anatomy of a Love Seen","16/03/2016"
"DEATH NOTE: Season 1: Doubt","15/03/2016"
"DEATH NOTE: Season 1: Encounter","15/03/2016"
"Modern Family: SEASON: VideoEpisode","09/03/2016"
"Modern Family: SEASON: VideoEpisode","09/03/2016"
"Shadowhunters: The Mortal Instruments: Season 1: Rise Up","09/03/2016"
"10 Things I Hate About You","06/03/2016"
"What to Expect When You're Expecting","06/03/2016"
"DEATH NOTE: Season 1: Pursuit","06/03/2016"
"Modern Family: SEASON: VideoEpisode","06/03/2016"
"Modern Family: SEASON: VideoEpisode","06/03/2016"
"Shadowhunters: The Mortal Instruments: Season 1: Bad Blood","05/03/2016"
"Pulp Fiction","02/03/2016"
"Love: Season 1: The End of the Beginning","01/03/2016"
"Love: Season 1: The Table Read","01/03/2016"
"Love: Season 1: Closing Title Song","01/03/2016"
"Love: Season 1: Magic","01/03/2016"
"Love: Season 1: Andy","01/03/2016"
"Love: Season 1: The Date","29/02/2016"
"Love: Season 1: Party in the Hills","29/02/2016"
"Love: Season 1: Tested","29/02/2016"
"DEATH NOTE: Season 1: Dealings","29/02/2016"
"DEATH NOTE: Season 1: Confrontation","29/02/2016"
"DEATH NOTE: Season 1: Rebirth","29/02/2016"
"Love: Season 1: One Long Day","29/02/2016"
"Shadowhunters: The Mortal Instruments: Season 1: Major Arcana","24/02/2016"
"Pretty Little Liars: Season 6: Last Dance","22/02/2016"
"Ascension: Chapter One, Part 1","22/02/2016"
"Love: Season 1: It Begins","22/02/2016"
"Degrassi: Next Class: Season 1: #ButThatsNoneOfMyBusiness","22/02/2016"
"Degrassi: Next Class: Season 1: #NotOkay","22/02/2016"
"Degrassi: Next Class: Season 1: #YesMeansYes","21/02/2016"
"Degrassi: Next Class: Season 1: #NoFilter","21/02/2016"
"Degrassi: Next Class: Season 1: #BootyCall","21/02/2016"
"Fresh Meat: Series 3: Episode 8","21/02/2016"
"Fresh Meat: Series 3: Episode 7","21/02/2016"
"Fresh Meat: Series 3: Episode 6","21/02/2016"
"Fresh Meat: Series 3: Episode 5","21/02/2016"
"Fresh Meat: Series 3: Episode 4","21/02/2016"
"Fresh Meat: Series 3: Episode 3","21/02/2016"
"Fresh Meat: Series 3: Episode 2","21/02/2016"
"Fresh Meat: Series 3: Episode 1","21/02/2016"
"Fresh Meat: Series 2: Episode 8","20/02/2016"
"Fresh Meat: Series 2: Episode 7","20/02/2016"
"Fresh Meat: Series 2: Episode 6","20/02/2016"
"Fresh Meat: Series 2: Episode 5","20/02/2016"
"Fresh Meat: Series 2: Episode 4","20/02/2016"
"Fresh Meat: Series 2: Episode 3","20/02/2016"
"Fresh Meat: Series 2: Episode 2","20/02/2016"
"Fresh Meat: Series 2: Episode 1","20/02/2016"
"Fresh Meat: Series 1: Episode 8","20/02/2016"
"Fresh Meat: Series 1: Episode 7","19/02/2016"
"Doctor Who: Season 7: The Day of the Doctor","19/02/2016"
"Doctor Who: Season 5: Amy's Choice","19/02/2016"
"Doctor Who: Season 5: The Vampires of Venice","19/02/2016"
"Doctor Who: Season 5: Flesh and Stone","19/02/2016"
"Doctor Who: Season 5: The Time of Angels","19/02/2016"
"Fresh Meat: Series 1: Episode 6","19/02/2016"
"Friends with Benefits","18/02/2016"
"Shadowhunters: The Mortal Instruments: Season 1: Of Men and Angels","17/02/2016"
"Snervous Tyler Oakley","17/02/2016"
"Modern Family: SEASON: VideoEpisode","16/02/2016"
"Modern Family: SEASON: VideoEpisode","16/02/2016"
"Modern Family: SEASON: VideoEpisode","16/02/2016"
"Bates Motel: Season 1: First You Dream, Then You Die","16/02/2016"
"Modern Family: SEASON: VideoEpisode","16/02/2016"
"Modern Family: SEASON: VideoEpisode","16/02/2016"
"Modern Family: SEASON: VideoEpisode","15/02/2016"
"Modern Family: SEASON: VideoEpisode","15/02/2016"
"Naomi and Ely's No Kiss List","13/02/2016"
"The Amazing Spider-Man 2","11/02/2016"
"Shadowhunters: The Mortal Instruments: Season 1: Moo Shu to Go","10/02/2016"
"SHOW: SEASON: VideoEpisode","07/02/2016"
"SHOW: SEASON: VideoEpisode","07/02/2016"
"SHOW: SEASON: VideoEpisode","07/02/2016"
"SHOW: SEASON: VideoEpisode","07/02/2016"
"SHOW: SEASON: VideoEpisode","07/02/2016"
"SHOW: SEASON: VideoEpisode","07/02/2016"
"Shadowhunters: The Mortal Instruments: Season 1: Raising Hell","03/02/2016"
"Shadowhunters: The Mortal Instruments: Season 1: Dead Man's Party","03/02/2016"
"Endless Love","02/02/2016"
"Master of None: Season 1: The Other Man","30/01/2016"
"Master of None: Season 1: Indians on TV","30/01/2016"
"Master of None: Season 1: Hot Ticket","29/01/2016"
"Master of None: Season 1: Parents","29/01/2016"
"From Dusk Till Dawn: Season 1: Mistress","29/01/2016"
"From Dusk Till Dawn: Season 1: Blood Runs Thick","29/01/2016"
"From Dusk Till Dawn: Season 1: Pilot","29/01/2016"
"Austenland","28/01/2016"
"Skins: Vol. 6: Franky","28/01/2016"
"Skins: Vol. 6: Alex","28/01/2016"
"Skins: Vol. 6: Rich","28/01/2016"
"Shadowhunters: The Mortal Instruments: Season 1: The Descent Into Hell Isn't Easy","27/01/2016"
"Shadowhunters: The Mortal Instruments: Season 1: The Mortal Cup","27/01/2016"
"Doctor Who: Season 4: The Poison Sky","25/01/2016"
"Doctor Who: Season 4: The Stolen Earth","25/01/2016"
"Doctor Who: Season 4: Forest of the Dead","25/01/2016"
"Unbreakable Kimmy Schmidt: Season 1: Kimmy's in a Love Triangle!","24/01/2016"
"Unbreakable Kimmy Schmidt: Season 1: Kimmy Has a Birthday!","24/01/2016"
"Unbreakable Kimmy Schmidt: Season 1: Kimmy is Bad at Math!","24/01/2016"
"Unbreakable Kimmy Schmidt: Season 1: Kimmy Goes to a Party!","24/01/2016"
"Unbreakable Kimmy Schmidt: Season 1: Kimmy Goes to School!","24/01/2016"
"Sense and Sensibility","18/01/2016"
"Spirit: Stallion of the Cimarron","18/01/2016"
"Sherlock: Series 3: The Empty Hearse","17/01/2016"
"Sense8: Season 1: Just Turn the Wheel and the Future Changes","17/01/2016"
"Sense8: Season 1: What Is Human?","16/01/2016"
"Sense8: Season 1: Death Doesn’t Let You Say Goodbye","15/01/2016"
"Sense8: Season 1: We Will All Be Judged by the Courage of Our Hearts","15/01/2016"
"Sense8: Season 1: W. W. N. Double D?","15/01/2016"
"Sense8: Season 1: Demons","14/01/2016"
"Miss Fisher's Murder Mysteries: Series 1: Cocaine Blues","13/01/2016"
"Master of None: Season 1: Plan B","11/01/2016"
"Spring Breakers","11/01/2016"
"Trust","11/01/2016"
"Doctor Who: Season 4: Silence in the Library","10/01/2016"
"Doctor Who: Season 4: The Unicorn and the Wasp","10/01/2016"
"Doctor Who: Season 3: The Family of Blood","10/01/2016"
"Marvel's Jessica Jones: Season 1: AKA 99 Friends","10/01/2016"
"Fargo: Season 1: The Rooster Prince","09/01/2016"
"Erin Brockovich","08/01/2016"
"The House Bunny","06/01/2016"
"The Beach","06/01/2016"
"Hemlock Grove: Season 1: What Peter Can Live Without","06/01/2016"
"Hemlock Grove: Season 1: Catabasis","06/01/2016"
"Frozen","04/01/2016"
"Hemlock Grove: Season 1: Measure of Disorder","03/01/2016"
"Hemlock Grove: Season 1: The Crucible","01/01/2016"
"Hemlock Grove: Season 1: Hello, Handsome","01/01/2016"
"Hemlock Grove: Season 1: In Poor Taste","01/01/2016"
"Hemlock Grove: Season 1: The Order of the Dragon","01/01/2016"
"Cinderella","01/01/2016"
"Hemlock Grove: Season 1: The Angel","16/12/2015"
"Hemlock Grove: Season 1: Jellyfish in the Sky","16/12/2015"
"Legally Blonde","15/12/2015"
"American Horror Story: Asylum: Nor'easter","06/12/2015"
"American Horror Story: Asylum: Tricks and Treats","06/12/2015"
"American Horror Story: Asylum: Welcome to Briarcliff","06/12/2015"
"American Horror Story: Murder House: Pilot","06/12/2015"
"A Very Murray Christmas","05/12/2015"
"Bloodline: Season 1: Part 2","05/12/2015"
"Bloodline: Season 1: Part 1","05/12/2015"
"Pirates of the Caribbean: On Stranger Tides","01/12/2015"
"American Horror Story: Coven: The Seven Wonders","30/11/2015"
"American Horror Story: Coven: Protect the Coven","30/11/2015"
"American Horror Story: Coven: The Magical Delights of Stevie Nicks","30/11/2015"
"American Horror Story: Coven: Head","30/11/2015"
"American Horror Story: Coven: The Sacred Taking","30/11/2015"
"American Horror Story: Coven: The Dead","30/11/2015"
"American Horror Story: Coven: The Axeman Cometh","30/11/2015"
"American Horror Story: Coven: Burn, Witch. Burn!","30/11/2015"
"American Horror Story: Coven: Fearful Pranks Ensue","30/11/2015"
"American Horror Story: Coven: The Replacements","30/11/2015"
"American Horror Story: Coven: Boy Parts","30/11/2015"
"American Horror Story: Coven: Bitchcraft","30/11/2015"
"Marvel's Jessica Jones: Season 1: AKA Smile","28/11/2015"
"Marvel's Jessica Jones: Season 1: AKA Take a Bloody Number","28/11/2015"
"Marvel's Jessica Jones: Season 1: AKA I've Got the Blues","28/11/2015"
"Marvel's Jessica Jones: Season 1: AKA 1,000 Cuts","27/11/2015"
"Marvel's Jessica Jones: Season 1: AKA Sin Bin","27/11/2015"
"Marvel's Jessica Jones: Season 1: AKA WWJD?","27/11/2015"
"Marvel's Jessica Jones: Season 1: AKA Top Shelf Perverts","27/11/2015"
"American Horror Story: Murder House: Halloween Part 2","24/11/2015"
"American Horror Story: Murder House: Halloween Part 1","24/11/2015"
"American Horror Story: Murder House: Murder House","24/11/2015"
"American Horror Story: Murder House: Home Invasion","24/11/2015"
"Lemony Snicket's A Series of Unfortunate Events","23/11/2015"
"The Lord of the Rings: The Fellowship of the Ring","21/11/2015"
"The Breakfast Club","20/11/2015"
"Unbreakable Kimmy Schmidt: Season 1: Kimmy Goes Outside!","20/11/2015"
"Unbreakable Kimmy Schmidt: Season 1: Kimmy Kisses a Boy!","20/11/2015"
"Unbreakable Kimmy Schmidt: Season 1: Kimmy Goes to the Doctor!","20/11/2015"
"Unbreakable Kimmy Schmidt: Season 1: Kimmy Goes on a Date!","20/11/2015"
"Unbreakable Kimmy Schmidt: Season 1: Kimmy Gets a Job!","20/11/2015"
"My Babysitter's a Vampire: Season 1: Lawn of the Dead","14/11/2015"
"Fargo","10/11/2015"
"Great Expectations: Episode 1","26/10/2015"
"Burt's Buzz","26/10/2015"
"13 Going on 30","24/10/2015"
"Good Luck Chuck","24/10/2015"
"The Hitchhiker's Guide to the Galaxy","24/10/2015"
"Kill Bill: Vol. 1","24/10/2015"
"The Sweetest Thing","22/10/2015"
"Fargo: Season 1: The Crocodile's Dilemma","22/10/2015"
"Mulan","18/10/2015"
"Dead Poets Society","17/10/2015"
"Charlie's Angels: Full Throttle","16/10/2015"
"Scooby-Doo 2: Monsters Unleashed","16/10/2015"
"The Jane Austen Book Club","12/10/2015"
"Tiny Furniture","11/10/2015"
"L!fe Happens","08/10/2015"
"Frances Ha","04/10/2015"
"Sherlock: Series 1: A Study in Pink","03/10/2015"
"Say When","01/10/2015"
"Girl in Progress","01/10/2015"
"The Princess Diaries","28/09/2015"
"Pocahontas","27/09/2015"
"Gossip Girl: Season 1: Victor, Victrola","26/09/2015"
"Pretty Little Liars: Season 1: Keep Your Friends Close","26/09/2015"
"Pretty Little Liars: Season 1: The Perfect Storm","26/09/2015"
"Pretty Little Liars: Season 1: Please, Do Talk About Me When I'm Gone","26/09/2015"
"Pretty Little Liars: Season 1: The Homecoming Hangover","23/09/2015"
"Pretty Little Liars: Season 1: There's No Place Like Homecoming","23/09/2015"
"Pretty Little Liars: Season 1: Reality Bites Me","23/09/2015"
"Pretty Little Liars: Season 1: Can You Hear Me Now?","23/09/2015"
"Pretty Little Liars: Season 1: To Kill a Mocking Girl","22/09/2015"
"Carrie","22/09/2015"
"Modern Family: SEASON: VideoEpisode","21/09/2015"
"Gossip Girl: Season 1: Pilot","20/09/2015"
"Snatch","20/09/2015"
"Doctor Who: Season 3: Utopia","20/09/2015"
"Doctor Who: Season 3: Blink","20/09/2015"
"Doctor Who: Season 2: Fear Her","20/09/2015"
"Doctor Who: Season 2: The Christmas Invasion","20/09/2015"
"Sharknado","19/09/2015"
"Doctor Who: Season 1: Rose","19/09/2015"
